user_id,name,gender,age,birth_year,address,city,grade,email,created_at
U_0001,박민석,F,24,2002,서울 경기도 고성군 영동대50길 666,서울,BRONZE,jinhogim@example.com,2025-05-21
U_0002,고정순,M,27,1999,제주 인천광역시 강남구 오금길 352-75,제주,BRONZE,eunseojang@example.net,2021-05-05
U_0003,이건우,F,26,2000,경상 경기도 안산시 상록구 논현길 747,경상,SILVER,hyejin74@example.net,2020-03-24
U_0004,황민지,M,44,1982,광주 대구광역시 송파구 도산대길 255-26 (서윤김마을),광주,SILVER,gimhyeonjun@example.net,2020-10-05
U_0005,김지혜,F,30,1996,충청 대전광역시 영등포구 도산대거리 527 (수민김김동),충청,VIP,nominji@example.net,2026-01-02
U_0006,홍시우,M,28,1998,광주 세종특별자치시 도봉구 선릉거리 178 (경숙박백읍),광주,SILVER,cyang@example.net,2022-05-19
U_0007,박영순,F,42,1984,경상 경상북도 오산시 삼성3거리 118 (상철김읍),경상,BRONZE,qi@example.net,2026-01-22
U_0008,이정웅,M,55,1971,경기 강원도 구리시 백제고분2거리 231 (영철이리),경기,GOLD,myeongsuggim@example.net,2024-10-10
U_0009,박서연,F,30,1996,강원 경기도 삼척시 학동7거리 891,강원,SILVER,junseo72@example.org,2023-03-16
U_0010,문지영,M,28,1998,울산 강원도 용인시 처인구 백제고분거리 921,울산,SILVER,hyejingim@example.com,2020-08-09
U_0011,서윤서,M,21,2005,제주 전라북도 안양시 만안구 테헤란거리 254 (성훈김리),제주,BRONZE,haeunjeong@example.org,2020-01-13
U_0012,류예준,M,51,1975,제주 전라남도 부여군 개포가 200-28,제주,BRONZE,hsong@example.org,2022-05-03
U_0013,김준호,M,48,1978,서울 제주특별자치도 서산시 양재천길 653 (영숙김면),서울,BRONZE,ryuhyeonjun@example.net,2024-01-05
U_0014,송정희,M,35,1991,인천 충청북도 광명시 서초중앙길 94,인천,BRONZE,sanghuncoe@example.org,2023-11-29
U_0015,장선영,M,48,1978,인천 강원도 삼척시 서초중앙가 249-74 (영숙고문동),인천,BRONZE,igyeonghyi@example.com,2025-03-21
U_0016,손미정,M,40,1986,부산 인천광역시 강북구 오금88거리 287 (준영김김동),부산,BRONZE,joogsun@example.org,2024-08-09
U_0017,배서현,M,28,1998,경기 광주광역시 종로구 서초중앙558가 240,경기,BRONZE,mijeong72@example.org,2021-08-29
U_0018,김민석,F,44,1982,인천 제주특별자치도 증평군 오금11가 3,인천,BRONZE,gimbyeongceol@example.net,2022-04-13
U_0019,김도현,M,44,1982,인천 경상남도 금산군 석촌호수794거리 569-91 (준호유문면),인천,SILVER,igim@example.net,2025-01-14
U_0020,이옥자,M,51,1975,강원 부산광역시 서대문구 잠실52거리 922,강원,BRONZE,gyeongjagim@example.net,2024-12-06
U_0021,이혜진,F,60,1966,인천 부산광역시 도봉구 테헤란68거리 611-68 (미정홍읍),인천,SILVER,sonhyeonju@example.com,2022-11-07
U_0022,윤성민,M,28,1998,인천 서울특별시 광진구 석촌호수길 983 (성훈박한마을),인천,SILVER,ogja09@example.org,2024-10-21
U_0023,황준서,M,54,1972,부산 충청남도 파주시 서초중앙0거리 169,부산,GOLD,dohyeongim@example.com,2023-03-22
U_0024,손예은,M,60,1966,대구 충청북도 용인시 수지구 반포대가 172 (옥자조마을),대구,BRONZE,fgim@example.org,2025-06-14
U_0025,김영철,F,60,1966,울산 충청북도 용인시 수지구 선릉6거리 336-76 (현숙하이동),울산,GOLD,migyeongi@example.net,2020-02-16
U_0026,양현준,F,22,2004,인천 제주특별자치도 부천시 소사구 강남대거리 770 (영자송배면),인천,SILVER,songjungsu@example.org,2020-08-27
U_0027,송예은,M,54,1972,울산 울산광역시 마포구 개포가 10 (영철장동),울산,SILVER,seonyeong38@example.org,2022-12-30
U_0028,김은영,F,60,1966,제주 울산광역시 강북구 서초대720가 지하175 (서영배동),제주,BRONZE,seongsu46@example.net,2025-07-09
U_0029,박지현,F,42,1984,제주 인천광역시 강동구 선릉4길 580,제주,BRONZE,ti@example.org,2024-02-06
U_0030,김상훈,F,44,1982,경기 인천광역시 도봉구 봉은사로 664 (윤서조한리),경기,BRONZE,pgim@example.net,2020-07-30
U_0031,안준혁,M,54,1972,제주 울산광역시 관악구 삼성로 858 (영수오읍),제주,GOLD,myeongsug66@example.org,2025-07-01
U_0032,서하윤,F,25,2001,울산 세종특별자치시 서대문구 언주8길 153 (춘자강오면),울산,SILVER,jaehoyun@example.com,2023-10-03
U_0033,남영일,M,37,1989,충청 경기도 오산시 삼성4로 985,충청,BRONZE,minjae40@example.com,2022-03-28
U_0034,박준영,F,56,1970,광주 경기도 남양주시 압구정거리 756 (준호이마을),광주,BRONZE,ogsungim@example.org,2021-02-10
U_0035,이미숙,F,30,1996,전라 전라북도 괴산군 석촌호수로 161,전라,BRONZE,yeonghwan81@example.net,2020-05-09
U_0036,이성훈,M,38,1988,경상 경상북도 안산시 언주거리 583 (성수박동),경상,BRONZE,hwanggeonu@example.net,2026-01-16
U_0037,이채원,M,22,2004,서울 충청남도 당진시 학동가 12 (은정고마을),서울,BRONZE,cgo@example.org,2023-01-08
U_0038,강영일,M,39,1987,부산 경기도 의정부시 오금13거리 107-1,부산,SILVER,bageunjeong@example.org,2025-09-01
U_0039,오진호,M,29,1997,경기 강원도 속초시 가락길 786,경기,GOLD,qsong@example.com,2020-11-07
U_0040,이도윤,M,43,1983,서울 전라북도 태백시 석촌호수거리 11 (현준박마을),서울,BRONZE,jcoe@example.com,2023-07-15
U_0041,김순자,F,26,2000,충청 전라북도 연천군 석촌호수947가 580,충청,BRONZE,jia21@example.net,2025-04-24
U_0042,서상현,M,39,1987,부산 전라북도 부여군 언주07로 233-62 (영자김이마을),부산,GOLD,jiweoni@example.net,2020-11-18
U_0043,이영순,F,20,2006,전라 전라남도 당진시 서초대거리 409-36 (주원김동),전라,BRONZE,ogja42@example.org,2023-03-13
U_0044,이정수,M,42,1984,광주 전라북도 천안시 동남구 선릉56가 950,광주,SILVER,gimjeonghun@example.com,2021-12-20
U_0045,안현숙,F,47,1979,충청 서울특별시 동작구 석촌호수로 543-93,충청,SILVER,seungmingim@example.org,2024-02-14
U_0046,박예은,M,38,1988,경기 대구광역시 구로구 봉은사27가 169,경기,VIP,minseog66@example.net,2021-09-22
U_0047,김경수,M,51,1975,광주 전라남도 안양시 잠실길 468-85,광주,GOLD,gimjongsu@example.net,2023-09-04
U_0048,최성현,F,51,1975,강원 경기도 고양시 덕양구 압구정5가 270 (경숙이박리),강원,SILVER,jiagim@example.com,2020-06-27
U_0049,장민석,F,53,1973,울산 강원도 안산시 잠실길 823-77 (승민노읍),울산,SILVER,agim@example.net,2023-04-08
U_0050,이종수,F,35,1991,제주 울산광역시 중구 압구정거리 863,제주,BRONZE,gimjihun@example.org,2020-12-10
U_0051,장영진,M,44,1982,광주 세종특별자치시 용산구 양재천가 685,광주,BRONZE,gnam@example.org,2024-02-23
U_0052,허광수,F,54,1972,충청 대구광역시 은평구 선릉길 982,충청,GOLD,to@example.net,2020-08-26
U_0053,안옥순,M,53,1973,제주 경상북도 성남시 논현거리 848,제주,VIP,yeonghogim@example.org,2020-06-12
U_0054,이성민,M,55,1971,제주 울산광역시 중구 역삼가 837,제주,BRONZE,seunghyeon74@example.com,2024-01-09
U_0055,이상호,F,21,2005,광주 세종특별자치시 강서구 영동대로 917,광주,BRONZE,seoyeongil@example.net,2023-02-23
U_0056,정은정,M,31,1995,부산 세종특별자치시 중랑구 논현4길 733-93 (성진박박동),부산,BRONZE,minjun74@example.org,2021-04-01
U_0057,박광수,F,41,1985,경상 전라남도 수원시 팔달구 학동길 883-88,경상,BRONZE,dgim@example.com,2020-01-14
U_0058,최영희,M,46,1980,울산 경상남도 양평군 서초중앙307길 678-68,울산,BRONZE,gocunja@example.com,2020-11-19
U_0059,신채원,M,50,1976,대전 서울특별시 종로구 백제고분길 지하619 (지영허박읍),대전,BRONZE,bagyeongil@example.org,2021-02-16
U_0060,강숙자,M,23,2003,강원 경상북도 천안시 서북구 오금가 762-61,강원,GOLD,yeongjin73@example.com,2020-01-05
U_0061,윤영환,M,43,1983,대구 경상북도 성남시 중원구 석촌호수2거리 462-40,대구,BRONZE,yeongmi91@example.com,2022-04-12
U_0062,오성진,F,27,1999,울산 대전광역시 종로구 잠실560거리 728 (민지김김읍),울산,BRONZE,wyang@example.org,2020-03-10
U_0063,이보람,M,24,2002,인천 대전광역시 관악구 오금길 392 (영숙김면),인천,BRONZE,haneunyeong@example.net,2020-02-29
U_0064,이영미,M,57,1969,부산 대전광역시 노원구 테헤란거리 54,부산,BRONZE,iminsu@example.net,2021-07-06
U_0065,김정호,M,45,1981,충청 제주특별자치도 충주시 잠실1가 지하557 (현숙이윤면),충청,VIP,nbag@example.com,2020-08-26
U_0066,박정식,M,20,2006,울산 경상북도 인제군 석촌호수거리 732 (서준양김면),울산,GOLD,byeongceolcoe@example.com,2020-11-21
U_0067,손주원,M,20,2006,인천 충청북도 화성시 논현82가 989 (정숙문이마을),인천,BRONZE,jiyeon77@example.net,2023-06-11
U_0068,김정순,F,40,1986,울산 강원도 안산시 언주30거리 199,울산,BRONZE,qgim@example.com,2024-01-20
U_0069,최숙자,M,49,1977,부산 전라남도 여주시 학동80가 116-27 (지후최권마을),부산,SILVER,gjo@example.com,2020-07-07
U_0070,이영숙,F,27,1999,대전 제주특별자치도 구리시 석촌호수8거리 457,대전,VIP,jeongsun12@example.org,2024-07-09
U_0071,문영환,M,22,2004,강원 인천광역시 양천구 서초대7로 625,강원,BRONZE,gu@example.com,2021-04-02
U_0072,박성수,M,40,1986,경기 전라북도 연천군 석촌호수가 615,경기,BRONZE,baesunja@example.com,2020-04-07
U_0073,홍은지,M,38,1988,경기 전라북도 정선군 석촌호수로 587,경기,BRONZE,kgweon@example.net,2021-03-19
U_0074,성미정,F,38,1988,강원 전라북도 안산시 상록구 잠실641길 584 (영수배김마을),강원,BRONZE,judonghyeon@example.net,2023-10-03
U_0075,이재호,M,28,1998,전라 세종특별자치시 광진구 영동대675거리 지하447 (현숙박안동),전라,BRONZE,seongjin18@example.org,2023-10-19
U_0076,이현숙,F,56,1970,경기 부산광역시 남구 삼성86로 552 (상훈강안읍),경기,BRONZE,ryuseoyun@example.net,2025-10-22
U_0077,박준혁,M,44,1982,전라 충청남도 제천시 도산대0거리 273,전라,BRONZE,cbag@example.com,2020-05-27
U_0078,고동현,F,43,1983,인천 전라남도 옥천군 압구정로 109-3 (하윤조면),인천,GOLD,ihong@example.net,2023-04-06
U_0079,이지훈,F,33,1993,인천 제주특별자치도 김포시 선릉183거리 450-89 (정순이리),인천,VIP,yeongsuni@example.net,2021-06-20
U_0080,권미숙,M,24,2002,대구 대구광역시 강서구 서초대702거리 325-98,대구,BRONZE,minjunha@example.net,2024-12-10
U_0081,지예지,M,53,1973,광주 대구광역시 금천구 양재천가 41,광주,GOLD,hwangujin@example.com,2020-09-02
U_0082,서상호,M,51,1975,광주 경상남도 성남시 중원구 도산대로 968-44 (예지이박마을),광주,BRONZE,yunseo27@example.com,2022-12-16
U_0083,김명자,M,36,1990,경기 부산광역시 금천구 역삼거리 426-23,경기,BRONZE,yeongjinson@example.net,2021-07-05
U_0084,이민준,M,40,1986,인천 충청북도 청주시 흥덕구 삼성9로 321 (도현김리),인천,BRONZE,hanmijeong@example.net,2023-01-11
U_0085,박지연,M,32,1994,제주 경기도 수원시 영통구 백제고분84로 136,제주,BRONZE,jinhosong@example.com,2020-09-07
U_0086,강주원,M,57,1969,대구 충청남도 부천시 오정구 삼성길 664 (영식박마을),대구,GOLD,minsuno@example.com,2021-06-10
U_0087,이지우,F,43,1983,울산 충청북도 수원시 팔달구 테헤란길 283,울산,GOLD,ganggwangsu@example.com,2020-03-25
U_0088,한은서,M,32,1994,제주 울산광역시 서초구 서초중앙305가 100-23 (상현김마을),제주,BRONZE,tsin@example.com,2020-06-11
U_0089,이상훈,F,26,2000,대구 부산광역시 종로구 역삼1거리 675-99,대구,BRONZE,junseogim@example.org,2020-03-06
U_0090,장현준,M,35,1991,충청 전라북도 횡성군 삼성로 960 (영식곽이리),충청,BRONZE,ui@example.com,2023-10-16
U_0091,박경숙,M,29,1997,울산 전라남도 영월군 잠실890로 597 (서준이동),울산,BRONZE,cgweon@example.net,2023-05-24
U_0092,김순자,F,24,2002,인천 제주특별자치도 횡성군 오금길 557 (서현최동),인천,SILVER,seonghun61@example.net,2024-03-23
U_0093,손서윤,M,43,1983,제주 제주특별자치도 수원시 권선구 서초대가 422 (서현유유면),제주,VIP,jiu63@example.com,2022-08-24
U_0094,이건우,M,60,1966,강원 제주특별자치도 용인시 삼성4로 980-25,강원,BRONZE,jiui@example.org,2021-10-06
U_0095,김성호,F,54,1972,인천 인천광역시 종로구 서초대길 291-24,인천,BRONZE,jongsu56@example.org,2022-01-05
U_0096,김승현,M,45,1981,인천 광주광역시 서구 삼성거리 367 (준혁최면),인천,SILVER,vi@example.net,2022-02-27
U_0097,권우진,F,57,1969,서울 부산광역시 구로구 잠실길 336 (순옥박박동),서울,BRONZE,jeongsiggim@example.net,2022-08-21
U_0098,박병철,M,24,2002,제주 전라북도 횡성군 오금00가 391-93 (영희박박리),제주,SILVER,jieun57@example.org,2021-11-22
U_0099,김경수,M,57,1969,인천 충청북도 광명시 서초대길 지하514,인천,BRONZE,miyeonggim@example.org,2025-03-14
U_0100,김진호,M,41,1985,인천 전라남도 성남시 수정구 석촌호수로 494-18,인천,SILVER,sangceolgang@example.com,2024-04-04
U_0101,김정순,F,38,1988,울산 광주광역시 성북구 서초대47거리 185-64,울산,BRONZE,pbag@example.org,2022-12-04
U_0102,박승현,M,40,1986,충청 대전광역시 종로구 석촌호수8로 676 (숙자권남리),충청,SILVER,geonunam@example.com,2024-04-28
U_0103,김지은,F,43,1983,울산 대구광역시 성동구 역삼381길 651,울산,SILVER,jimingim@example.org,2025-01-11
U_0104,최수민,M,21,2005,강원 전라북도 영동군 잠실가 989 (준영성읍),강원,BRONZE,jeongsug66@example.com,2020-05-09
U_0105,윤서윤,F,44,1982,경상 전라북도 영동군 잠실66길 487 (유진이읍),경상,GOLD,seonyeong70@example.net,2025-12-27
U_0106,노예은,M,34,1992,광주 광주광역시 강서구 잠실151로 755 (옥자김장동),광주,BRONZE,jiyeong64@example.net,2021-09-27
U_0107,이도현,M,44,1982,충청 경상북도 안산시 단원구 압구정4로 902,충청,VIP,jeongungseo@example.net,2023-09-08
U_0108,이정식,F,27,1999,강원 세종특별자치시 구로구 논현가 266,강원,SILVER,nbag@example.org,2024-04-20
U_0109,김현주,F,35,1991,제주 경기도 안산시 상록구 강남대로 726-68 (혜진이리),제주,SILVER,gimhaeun@example.net,2021-05-26
U_0110,박예준,M,29,1997,울산 강원도 성남시 분당구 봉은사거리 113 (서영황읍),울산,SILVER,pgim@example.org,2023-02-11
U_0111,권경희,F,34,1992,광주 제주특별자치도 진천군 서초중앙거리 975,광주,BRONZE,gimjaehyeon@example.com,2021-04-29
U_0112,김재현,F,50,1976,경상 부산광역시 동대문구 강남대512길 321-99 (민수최동),경상,SILVER,seoyeongbag@example.net,2020-08-25
U_0113,류미정,F,29,1997,대전 부산광역시 영등포구 가락41거리 지하443 (재호박마을),대전,BRONZE,gimdoyun@example.com,2021-11-27
U_0114,안성호,F,44,1982,서울 인천광역시 영등포구 역삼848길 692-39 (민석손이면),서울,BRONZE,gimhayun@example.net,2022-10-01
U_0115,홍민수,M,55,1971,경기 광주광역시 강동구 선릉거리 656 (숙자최박마을),경기,VIP,qi@example.net,2025-02-15
U_0116,김정숙,M,26,2000,경기 전라북도 홍성군 논현85거리 371-69 (재현류동),경기,BRONZE,xan@example.com,2024-07-31
U_0117,김병철,M,41,1985,부산 울산광역시 용산구 양재천로 962 (유진박김마을),부산,BRONZE,eseo@example.net,2020-03-30
U_0118,김정남,F,26,2000,경상 서울특별시 강동구 서초중앙12로 548 (하은한동),경상,VIP,honghyejin@example.com,2020-01-25
U_0119,권현준,F,32,1994,부산 충청남도 서천군 석촌호수가 31-97 (준서김허마을),부산,SILVER,yejungu@example.org,2025-12-27
U_0120,이준서,M,21,2005,인천 경기도 금산군 논현305길 292 (경자박면),인천,GOLD,yeonghwan52@example.com,2022-07-11
U_0121,이수빈,M,23,2003,대구 충청북도 광명시 잠실길 389-6 (영숙심리),대구,GOLD,yeongjini@example.com,2020-05-28
U_0122,류준서,F,59,1967,대전 울산광역시 서대문구 봉은사18로 742-22,대전,BRONZE,migyeongi@example.com,2024-03-24
U_0123,김영환,F,23,2003,전라 대구광역시 서대문구 압구정56거리 388,전라,BRONZE,jinsumin@example.org,2020-04-28
U_0124,김성훈,F,30,1996,대구 서울특별시 구로구 언주거리 602,대구,BRONZE,wna@example.net,2023-04-09
U_0125,안성훈,F,40,1986,서울 제주특별자치도 청양군 가락가 234,서울,BRONZE,hangyeonghyi@example.org,2024-02-21
U_0126,오동현,M,27,1999,서울 서울특별시 강서구 학동가 272-4,서울,BRONZE,miyeong58@example.net,2022-09-24
U_0127,김동현,F,41,1985,대구 세종특별자치시 북구 테헤란가 903,대구,VIP,eunjii@example.org,2022-01-24
U_0128,강서준,F,40,1986,대구 경기도 인제군 강남대45거리 761,대구,BRONZE,bagjongsu@example.net,2020-03-05
U_0129,이영환,M,27,1999,제주 부산광역시 용산구 백제고분로 184,제주,GOLD,hyeonji29@example.org,2023-07-22
U_0130,김준영,M,40,1986,인천 대전광역시 양천구 테헤란9길 666 (정수오마을),인천,BRONZE,sanghyeonan@example.net,2023-06-12
U_0131,김지후,F,53,1973,서울 울산광역시 성동구 봉은사거리 624-15,서울,BRONZE,seoyeong40@example.com,2022-09-05
U_0132,박정훈,M,31,1995,전라 세종특별자치시 성동구 오금24로 385,전라,BRONZE,seoyeongim@example.net,2022-07-16
U_0133,황서연,F,48,1978,광주 부산광역시 금천구 압구정로 988-48 (준영박읍),광주,BRONZE,di@example.com,2023-05-24
U_0134,황유진,M,32,1994,경상 인천광역시 서구 강남대266가 지하228 (숙자강이마을),경상,SILVER,gimhyeonu@example.net,2021-11-28
U_0135,강정훈,M,54,1972,경상 제주특별자치도 고양시 양재천6거리 858 (민지전읍),경상,SILVER,hanseunghyeon@example.net,2025-09-14
U_0136,서서연,M,20,2006,대구 전라북도 청주시 서원구 역삼거리 824,대구,GOLD,jangsujin@example.org,2023-12-14
U_0137,이상훈,M,21,2005,광주 대구광역시 강동구 강남대8거리 43,광주,BRONZE,tgim@example.net,2023-08-05
U_0138,류정수,F,27,1999,서울 부산광역시 송파구 강남대길 258,서울,BRONZE,yeonghyi81@example.net,2025-09-10
U_0139,이미영,M,27,1999,전라 광주광역시 강남구 잠실497가 998 (성민류동),전라,BRONZE,seonyeong38@example.org,2020-01-21
U_0140,박시우,F,24,2002,인천 충청북도 원주시 양재천길 178 (예지심김리),인천,BRONZE,sanghyeon99@example.net,2021-01-16
U_0141,김순자,F,22,2004,제주 울산광역시 서대문구 개포58로 229-33,제주,BRONZE,gi@example.net,2021-12-14
U_0142,김예지,F,56,1970,대전 충청남도 정선군 역삼9길 657-15 (영숙정면),대전,BRONZE,eungyeongryu@example.net,2022-04-29
U_0143,이지혜,M,40,1986,경상 전라북도 양구군 양재천011길 493-50 (지혜조김동),경상,BRONZE,mcoe@example.net,2020-10-12
U_0144,김은경,M,36,1990,서울 인천광역시 중랑구 언주08로 283,서울,BRONZE,jangjeongsig@example.net,2020-01-11
U_0145,김영희,F,48,1978,서울 대전광역시 동구 서초중앙가 502,서울,SILVER,yeonggil42@example.com,2020-11-18
U_0146,고서영,M,41,1985,경기 경기도 괴산군 선릉1로 258,경기,VIP,yeongil22@example.org,2025-03-15
U_0147,장수빈,F,36,1990,대구 부산광역시 종로구 석촌호수거리 192-14,대구,SILVER,hyeonjeong02@example.org,2023-02-16
U_0148,최영수,F,32,1994,전라 경상남도 인제군 반포대70로 929-74 (준영김권마을),전라,SILVER,seoyun02@example.org,2021-03-17
U_0149,황은경,F,53,1973,전라 대전광역시 광진구 가락길 822-95 (영일지김면),전라,BRONZE,bagyeongmi@example.org,2023-11-26
U_0150,나성진,M,33,1993,광주 경상남도 계룡시 잠실가 373-46 (영진권오마을),광주,GOLD,kan@example.com,2023-01-24
U_0151,이우진,F,24,2002,대전 경기도 태안군 언주884가 887,대전,BRONZE,doyunhong@example.com,2024-02-13
U_0152,김예지,M,33,1993,부산 광주광역시 양천구 석촌호수길 892-33 (정희김동),부산,SILVER,gimeungyeong@example.net,2025-01-25
U_0153,이현정,M,21,2005,제주 경상북도 용인시 테헤란길 534-1,제주,BRONZE,fgim@example.org,2021-10-16
U_0154,이민수,M,58,1968,제주 대전광역시 은평구 잠실405가 101 (영미고읍),제주,BRONZE,yeongceol84@example.org,2020-11-23
U_0155,이경숙,F,44,1982,경상 전라북도 영동군 논현거리 485-95,경상,SILVER,sunjacoe@example.com,2025-03-14
U_0156,황경수,F,44,1982,인천 울산광역시 노원구 언주5거리 738 (영일손마을),인천,BRONZE,seongjin61@example.org,2024-10-04
U_0157,김민지,F,22,2004,서울 대전광역시 성동구 테헤란길 860-51 (은경김읍),서울,BRONZE,gimyeongmi@example.com,2021-02-24
U_0158,김순옥,M,47,1979,인천 대구광역시 마포구 도산대1로 72,인천,BRONZE,munjieun@example.com,2020-12-27
U_0159,백종수,F,54,1972,서울 광주광역시 서초구 도산대길 235,서울,SILVER,jaeho28@example.net,2021-05-08
U_0160,권수진,F,39,1987,경기 충청북도 고양시 덕양구 테헤란2가 713-77 (경수양이리),경기,SILVER,eunjeongi@example.net,2023-05-27
U_0161,지예원,M,35,1991,전라 제주특별자치도 이천시 논현로 232-41,전라,BRONZE,rgim@example.com,2021-01-21
U_0162,이승현,M,25,2001,제주 울산광역시 강남구 언주7가 231,제주,BRONZE,gimyeji@example.net,2022-10-29
U_0163,이준호,F,40,1986,대전 대구광역시 강서구 언주5로 129 (정식이김동),대전,BRONZE,seoyun50@example.net,2025-07-19
U_0164,한성수,M,47,1979,울산 제주특별자치도 태백시 가락가 554 (영환장이마을),울산,BRONZE,seongmin79@example.net,2022-08-22
U_0165,권성호,F,33,1993,전라 부산광역시 북구 가락로 785 (서연민동),전라,BRONZE,minjae22@example.net,2020-08-13
U_0166,김지훈,M,53,1973,충청 인천광역시 금천구 선릉거리 622-75 (예진김읍),충청,BRONZE,jaeho90@example.org,2023-02-24
U_0167,이영길,F,32,1994,대전 대전광역시 강서구 영동대가 지하408 (현주김강마을),대전,BRONZE,yejun03@example.net,2020-06-17
U_0168,나예지,M,42,1984,강원 부산광역시 서구 봉은사8길 621 (병철허면),강원,BRONZE,yeonghwani@example.org,2025-01-23
U_0169,최영수,F,60,1966,대구 세종특별자치시 성동구 가락로 574 (아름김리),대구,BRONZE,egim@example.org,2021-04-06
U_0170,최성훈,F,38,1988,울산 강원도 과천시 오금3거리 914-53 (옥순이최동),울산,SILVER,chwang@example.com,2022-05-06
U_0171,김병철,F,43,1983,제주 경상북도 서산시 언주3로 976,제주,SILVER,ji@example.com,2025-03-19
U_0172,이민준,M,60,1966,서울 충청남도 군포시 테헤란9로 270,서울,BRONZE,sgang@example.com,2025-01-08
U_0173,권정웅,F,41,1985,전라 충청남도 부여군 논현4가 2,전라,BRONZE,jeonghun70@example.com,2025-06-24
U_0174,이옥자,M,43,1983,충청 부산광역시 강남구 압구정7로 838-33,충청,BRONZE,baegseonyeong@example.com,2022-04-06
U_0175,우채원,F,54,1972,대구 경기도 청양군 테헤란1길 109-52 (영자윤김마을),대구,BRONZE,gimjihun@example.org,2024-07-20
U_0176,김은지,F,24,2002,대구 충청북도 의정부시 가락로 507-1,대구,BRONZE,seongjin99@example.org,2021-05-19
U_0177,박순자,F,29,1997,인천 강원도 과천시 양재천2가 912-23 (시우서마을),인천,GOLD,bjang@example.com,2026-01-06
U_0178,박재현,M,25,2001,대구 인천광역시 종로구 영동대길 296-78,대구,BRONZE,xi@example.com,2024-09-02
U_0179,양윤서,F,31,1995,광주 충청남도 안양시 동안구 봉은사623로 지하928,광주,GOLD,sunjayun@example.org,2020-01-24
U_0180,김명숙,F,32,1994,충청 인천광역시 성동구 영동대로 지하604,충청,SILVER,sujin44@example.net,2023-09-20
U_0181,김영자,F,34,1992,충청 충청남도 성남시 강남대213가 355 (순옥주읍),충청,BRONZE,misug89@example.com,2023-12-27
U_0182,박순옥,M,39,1987,충청 대전광역시 노원구 봉은사길 342 (상훈박김동),충청,VIP,sangho20@example.org,2023-10-23
U_0183,전미정,F,31,1995,인천 충청남도 충주시 테헤란가 576-47,인천,BRONZE,fgim@example.com,2021-11-28
U_0184,오성수,F,39,1987,대전 전라남도 용인시 언주93로 261-8 (지은하허리),대전,BRONZE,dgim@example.org,2023-04-09
U_0185,김민수,M,22,2004,전라 인천광역시 금천구 서초대거리 741-90,전라,SILVER,cryu@example.com,2022-05-20
U_0186,정경수,M,30,1996,대전 부산광역시 서초구 학동길 507-71,대전,GOLD,sujinim@example.org,2020-12-15
U_0187,이수민,F,20,2006,경기 울산광역시 종로구 역삼990가 278,경기,BRONZE,geonubag@example.org,2023-01-15
U_0188,박병철,F,27,1999,부산 대전광역시 성동구 석촌호수6거리 819-11,부산,BRONZE,seungmini@example.org,2022-11-13
U_0189,이영순,F,51,1975,서울 전라북도 여주시 백제고분6길 590-7,서울,BRONZE,donghyeongang@example.com,2024-06-12
U_0190,김명자,M,50,1976,서울 경상남도 양평군 잠실길 471 (예지김허리),서울,BRONZE,seonghyeon85@example.org,2021-01-20
U_0191,백영수,M,54,1972,부산 전라남도 횡성군 봉은사006거리 125-21,부산,BRONZE,knam@example.net,2025-01-10
U_0192,장수민,M,50,1976,경상 세종특별자치시 도봉구 논현42로 599-30,경상,VIP,yujin54@example.org,2022-06-21
U_0193,김보람,F,43,1983,강원 제주특별자치도 속초시 서초대65거리 383-9 (채원홍동),강원,SILVER,songsanghun@example.org,2026-01-29
U_0194,송유진,F,54,1972,대구 세종특별자치시 송파구 가락길 22-80 (수진홍김읍),대구,SILVER,mijeong92@example.org,2020-02-11
U_0195,홍정남,M,25,2001,강원 대구광역시 송파구 영동대가 291,강원,BRONZE,fgim@example.com,2022-09-26
U_0196,홍지우,F,58,1968,부산 전라북도 아산시 도산대62로 538,부산,BRONZE,junhyeog96@example.net,2020-08-20
U_0197,황정숙,M,38,1988,광주 충청북도 성남시 수정구 삼성72길 795 (수진김면),광주,BRONZE,gimeungyeong@example.org,2020-11-26
U_0198,김준혁,F,54,1972,강원 전라남도 용인시 수지구 역삼거리 지하413,강원,GOLD,dohyeon05@example.org,2023-12-30
U_0199,허민수,M,39,1987,인천 울산광역시 중구 봉은사38거리 546,인천,SILVER,byeongceolbag@example.com,2021-03-16
U_0200,김광수,M,33,1993,서울 세종특별자치시 동구 역삼거리 171,서울,BRONZE,hyejinbag@example.com,2021-08-15
U_0201,서미경,F,36,1990,울산 전라남도 용인시 언주로 337-24 (재현엄마을),울산,GOLD,jeongsuggim@example.net,2023-02-18
U_0202,이영철,M,33,1993,부산 충청남도 광주시 학동555로 752 (지연곽읍),부산,BRONZE,cbag@example.org,2025-02-09
U_0203,박정수,M,49,1977,충청 경상북도 화성시 양재천길 지하842 (은서박고리),충청,BRONZE,fgo@example.com,2022-04-08
U_0204,배혜진,M,29,1997,대전 부산광역시 서초구 오금가 445-82 (혜진김면),대전,SILVER,hjeon@example.com,2023-03-28
U_0205,안정순,F,57,1969,충청 제주특별자치도 부천시 원미구 영동대가 280 (선영김윤리),충청,SILVER,bhwang@example.org,2021-04-23
U_0206,김경자,M,51,1975,광주 광주광역시 성북구 서초중앙가 528-59,광주,BRONZE,ogja49@example.com,2025-02-21
U_0207,김재호,F,39,1987,경상 경상북도 성남시 수정구 백제고분로 327,경상,BRONZE,yejin63@example.net,2023-04-29
U_0208,김하은,M,40,1986,인천 부산광역시 강북구 도산대9로 33 (경희이동),인천,BRONZE,gimmigyeong@example.org,2021-05-18
U_0209,장은정,M,54,1972,제주 광주광역시 마포구 서초중앙가 632,제주,BRONZE,gyeongsugsong@example.net,2024-06-20
U_0210,박정식,F,32,1994,인천 경기도 홍천군 압구정1거리 98 (도윤김최동),인천,VIP,qyun@example.com,2025-12-18
U_0211,엄병철,M,46,1980,대구 경상남도 수원시 장안구 백제고분길 269-79,대구,SILVER,byeongceolgim@example.org,2025-04-03
U_0212,김준서,F,31,1995,대구 대전광역시 서대문구 언주길 88,대구,VIP,subingim@example.net,2020-11-14
U_0213,김현정,M,43,1983,제주 대구광역시 남구 강남대85거리 828-80,제주,SILVER,yeongmigim@example.net,2022-06-21
U_0214,김승현,M,58,1968,울산 경상남도 용인시 수지구 언주966로 994 (하은하김읍),울산,SILVER,coehyeonjeong@example.org,2020-05-12
U_0215,윤정수,F,35,1991,서울 울산광역시 종로구 가락532거리 131-29 (성진한이동),서울,SILVER,gimhyeonji@example.com,2024-12-20
U_0216,안채원,M,54,1972,대전 경상남도 성남시 분당구 반포대4로 499-3 (명숙김김동),대전,BRONZE,zgim@example.net,2025-10-18
U_0217,강정자,F,25,2001,충청 전라남도 수원시 권선구 잠실71로 289 (정순김양동),충청,BRONZE,eunjigim@example.com,2025-04-04
U_0218,장하은,M,28,1998,제주 울산광역시 동작구 역삼가 308-23,제주,BRONZE,seoyungim@example.org,2025-02-20
U_0219,이건우,F,24,2002,부산 경상북도 광명시 삼성가 514-55,부산,BRONZE,minji49@example.net,2022-08-30
U_0220,김현지,F,41,1985,대전 경상북도 청주시 흥덕구 반포대726로 843-86,대전,SILVER,seoyeongi@example.net,2024-03-02
U_0221,윤도현,M,52,1974,부산 대구광역시 남구 테헤란길 786,부산,BRONZE,agim@example.com,2021-08-26
U_0222,이민재,M,45,1981,대전 대전광역시 남구 압구정2길 736 (영식김리),대전,BRONZE,songgyeongja@example.net,2025-01-20
U_0223,강중수,M,37,1989,광주 경상북도 부여군 선릉7길 261,광주,VIP,jangyeongil@example.net,2020-07-17
U_0224,이준영,M,51,1975,광주 대구광역시 구로구 삼성36로 803 (민재최마을),광주,SILVER,sujini@example.net,2024-05-13
U_0225,이정훈,F,39,1987,서울 충청북도 의왕시 양재천길 897-36 (미영성마을),서울,BRONZE,imyeongja@example.com,2023-12-28
U_0226,박민수,M,34,1992,충청 전라남도 성남시 개포가 430 (예진김읍),충청,BRONZE,pgim@example.com,2023-01-08
U_0227,김지원,M,37,1989,강원 강원도 고성군 개포길 985-30,강원,BRONZE,gimyeongsug@example.com,2023-12-16
U_0228,김은경,F,54,1972,강원 대구광역시 서초구 논현07길 318-60 (옥순박읍),강원,BRONZE,gimjeongsu@example.com,2025-08-11
U_0229,성민재,F,46,1980,전라 세종특별자치시 강서구 도산대거리 238-31,전라,SILVER,doyungang@example.org,2022-06-23
U_0230,박선영,M,53,1973,경상 경상북도 인제군 언주0길 지하438 (정웅최유동),경상,BRONZE,jocaeweon@example.net,2021-04-01
U_0231,이예지,M,42,1984,전라 경상북도 고양시 일산서구 서초대길 935-41 (하윤김오읍),전라,SILVER,jinho35@example.org,2024-05-20
U_0232,박성현,M,29,1997,강원 충청북도 안성시 봉은사77거리 123 (미영김임마을),강원,BRONZE,junho38@example.com,2020-08-18
U_0233,김도윤,M,29,1997,전라 서울특별시 강남구 봉은사거리 698-13,전라,BRONZE,yeongsungim@example.com,2023-03-28
U_0234,이민재,M,34,1992,강원 강원도 옥천군 반포대361길 316-34,강원,SILVER,jungsugim@example.org,2020-04-07
U_0235,전하은,F,56,1970,강원 부산광역시 용산구 봉은사로 지하902 (경자장동),강원,BRONZE,suminbag@example.com,2025-10-18
U_0236,장영미,M,30,1996,인천 충청북도 수원시 권선구 학동거리 108-63 (상현서이읍),인천,BRONZE,dmun@example.net,2024-11-11
U_0237,우춘자,F,42,1984,충청 전라남도 양주시 삼성79거리 422-91,충청,BRONZE,minjun56@example.org,2025-01-18
U_0238,이준혁,F,31,1995,충청 세종특별자치시 북구 테헤란460거리 108-91,충청,VIP,eunjujeon@example.org,2022-01-03
U_0239,이종수,F,47,1979,서울 부산광역시 동구 테헤란82길 232 (유진박류리),서울,SILVER,ubae@example.com,2025-05-28
U_0240,최병철,M,44,1982,제주 부산광역시 관악구 석촌호수가 935,제주,VIP,gimjongsu@example.com,2023-08-29
U_0241,최상현,F,44,1982,서울 충청남도 양주시 강남대15길 795 (성호김배읍),서울,BRONZE,guboram@example.com,2022-09-23
U_0242,손은주,M,42,1984,충청 충청남도 예산군 삼성4로 99-94 (경희최리),충청,SILVER,sunja06@example.org,2025-08-05
U_0243,유영순,F,60,1966,경상 인천광역시 성동구 서초대17길 지하615,경상,VIP,vbag@example.net,2021-03-09
U_0244,임진호,M,45,1981,충청 울산광역시 송파구 서초중앙3가 32-12,충청,BRONZE,bbag@example.com,2020-05-28
U_0245,이은서,M,23,2003,전라 제주특별자치도 광명시 도산대거리 872,전라,BRONZE,coejunho@example.org,2025-01-20
U_0246,김춘자,F,55,1971,울산 서울특별시 은평구 잠실2거리 835-13,울산,SILVER,imisug@example.com,2024-04-17
U_0247,한현숙,F,55,1971,서울 대전광역시 성동구 서초대75가 436 (지우김양리),서울,BRONZE,bagogja@example.com,2020-05-20
U_0248,노서영,M,59,1967,전라 세종특별자치시 영등포구 도산대9거리 100 (성현오윤읍),전라,BRONZE,muneungyeong@example.net,2025-08-17
U_0249,강은지,M,56,1970,전라 전라남도 의왕시 개포833길 712,전라,SILVER,gimseongsu@example.com,2025-06-27
U_0250,황혜진,M,27,1999,울산 경상남도 과천시 양재천5가 지하682,울산,BRONZE,jihyeon68@example.com,2024-03-10
U_0251,최영미,F,31,1995,인천 경기도 하남시 영동대6가 326-45 (현숙장마을),인천,GOLD,sangceol08@example.net,2024-12-20
U_0252,홍민서,M,46,1980,대구 서울특별시 강북구 개포길 705 (준호이마을),대구,BRONZE,bagdohyeon@example.net,2025-12-21
U_0253,김진우,M,30,1996,대전 울산광역시 동구 강남대5로 지하457 (성호김문읍),대전,BRONZE,janggwangsu@example.org,2023-12-09
U_0254,김정식,F,26,2000,제주 울산광역시 강북구 석촌호수92길 325 (경수정마을),제주,BRONZE,ai@example.com,2020-05-03
U_0255,김주원,F,47,1979,대구 강원도 성남시 분당구 논현94거리 639 (수진김김면),대구,BRONZE,misug10@example.net,2020-12-17
U_0256,김예원,F,46,1980,경기 대구광역시 서대문구 백제고분로 447 (영숙민이동),경기,BRONZE,jihungim@example.net,2023-08-03
U_0257,박경숙,F,49,1977,전라 제주특별자치도 성남시 분당구 선릉거리 지하142 (서준송박마을),전라,BRONZE,junhyeog94@example.net,2022-12-12
U_0258,안은주,M,26,2000,대전 제주특별자치도 화성시 테헤란길 205-96,대전,SILVER,baghaeun@example.com,2020-12-31
U_0259,김영철,M,47,1979,충청 울산광역시 금천구 언주길 512-40,충청,SILVER,sunja08@example.com,2021-04-03
U_0260,김주원,F,47,1979,광주 인천광역시 강남구 잠실가 315,광주,SILVER,yangjihye@example.com,2023-02-16
U_0261,김영진,M,36,1990,대구 울산광역시 강동구 개포로 558-25 (지현지마을),대구,BRONZE,boram15@example.org,2022-07-28
U_0262,송성수,M,33,1993,제주 대전광역시 강서구 영동대4길 636 (하윤김김마을),제주,BRONZE,yeweoni@example.org,2022-05-06
U_0263,김은서,M,60,1966,울산 인천광역시 금천구 개포가 205-80,울산,SILVER,ogim@example.org,2021-12-07
U_0264,고민재,M,53,1973,대구 경상북도 안산시 상록구 선릉거리 705-42,대구,BRONZE,gimyeongmi@example.net,2022-08-25
U_0265,구은서,M,49,1977,경상 경상북도 시흥시 학동가 지하883,경상,BRONZE,jeonghyijang@example.org,2026-01-01
U_0266,강명숙,M,40,1986,광주 경상북도 춘천시 테헤란로 490 (재현전면),광주,SILVER,kyun@example.net,2025-11-29
U_0267,김현준,M,39,1987,충청 부산광역시 동대문구 반포대16거리 579-92,충청,VIP,yeongil25@example.net,2020-12-09
U_0268,진순자,M,21,2005,서울 전라북도 시흥시 논현33길 980-27 (하윤이동),서울,BRONZE,jeongsu39@example.org,2024-01-04
U_0269,장현정,M,39,1987,대전 광주광역시 강동구 봉은사로 504,대전,BRONZE,imijeong@example.com,2024-11-23
U_0270,오하윤,M,26,2000,강원 전라북도 홍성군 반포대길 883,강원,BRONZE,hayungu@example.org,2025-11-24
U_0271,박우진,M,25,2001,경기 전라남도 성남시 수정구 백제고분9길 83,경기,GOLD,hyeonjun49@example.com,2020-12-29
U_0272,김영수,M,35,1991,제주 서울특별시 도봉구 선릉383길 449-12,제주,VIP,yejinan@example.net,2025-08-27
U_0273,이은영,F,43,1983,인천 울산광역시 서구 반포대가 지하690 (미정박마을),인천,SILVER,mcoe@example.org,2024-05-17
U_0274,나성수,F,46,1980,충청 경상남도 태백시 선릉길 470-47 (지아박읍),충청,BRONZE,miyeong89@example.com,2021-08-20
U_0275,박영식,F,23,2003,강원 인천광역시 서대문구 양재천가 564-35,강원,GOLD,jihucoe@example.com,2020-05-29
U_0276,이은서,M,58,1968,부산 제주특별자치도 서산시 백제고분54거리 560-80 (은경이마을),부산,BRONZE,wgang@example.com,2025-11-25
U_0277,홍수빈,M,28,1998,전라 전라북도 태안군 잠실387가 709 (수민박김면),전라,SILVER,sujin99@example.org,2025-09-18
U_0278,박지아,M,38,1988,전라 경기도 청주시 흥덕구 역삼거리 719,전라,BRONZE,seonghogim@example.org,2020-03-28
U_0279,박영진,M,23,2003,전라 제주특별자치도 청주시 흥덕구 학동8로 79,전라,GOLD,dohyeon23@example.org,2023-05-13
U_0280,조준서,F,45,1981,경상 광주광역시 강북구 역삼로 203-62 (영일신리),경상,GOLD,ijaehyeon@example.net,2024-11-19
U_0281,안서준,M,38,1988,경기 충청북도 안성시 석촌호수880거리 876,경기,BRONZE,ijeongsug@example.com,2025-06-17
U_0282,이진호,F,26,2000,광주 인천광역시 마포구 역삼가 916-5 (영식고면),광주,BRONZE,di@example.net,2025-07-09
U_0283,이민수,M,60,1966,경상 경기도 포천시 백제고분길 45-84,경상,BRONZE,eungyeongyun@example.net,2025-09-09
U_0284,류영철,M,51,1975,대전 대구광역시 송파구 학동92거리 81-75,대전,SILVER,gimmigyeong@example.com,2024-05-10
U_0285,오상훈,F,52,1974,충청 대전광역시 양천구 봉은사길 202,충청,BRONZE,bhwang@example.org,2024-10-08
U_0286,이재호,M,22,2004,부산 제주특별자치도 의왕시 선릉거리 407,부산,SILVER,junseomun@example.org,2020-08-03
U_0287,김준영,F,38,1988,경기 강원도 남양주시 강남대73가 955,경기,VIP,haeun66@example.com,2025-06-15
U_0288,조지현,F,44,1982,경기 충청북도 옥천군 압구정거리 201-60,경기,SILVER,sugjagim@example.org,2020-10-20
U_0289,이진우,F,33,1993,경상 경상남도 안산시 언주6길 220 (진호김김면),경상,BRONZE,ryuseongho@example.com,2025-05-29
U_0290,김영수,F,32,1994,부산 경기도 단양군 봉은사988가 7 (지아김읍),부산,BRONZE,sugja28@example.net,2024-03-25
U_0291,배도현,F,24,2002,경상 인천광역시 광진구 양재천로 524-68,경상,BRONZE,hha@example.com,2022-06-19
U_0292,안아름,F,51,1975,울산 강원도 고양시 덕양구 오금537거리 185-72,울산,BRONZE,seoyun91@example.org,2025-06-03
U_0293,김명자,M,59,1967,경기 제주특별자치도 남양주시 영동대로 957,경기,BRONZE,sangho73@example.org,2024-03-21
U_0294,전윤서,F,46,1980,대구 울산광역시 은평구 논현197로 943-33,대구,BRONZE,geonugim@example.org,2020-12-04
U_0295,윤지원,M,37,1989,인천 경기도 이천시 압구정로 993-87,인천,VIP,kbag@example.org,2020-10-12
U_0296,조지후,M,29,1997,충청 광주광역시 서구 오금거리 848-88 (민지이이읍),충청,BRONZE,juweon46@example.net,2024-06-13
U_0297,김상철,M,26,2000,제주 경상북도 부천시 원미구 백제고분가 99-45,제주,BRONZE,ijimin@example.org,2020-07-31
U_0298,최영환,M,48,1978,대전 대구광역시 영등포구 봉은사684가 229,대전,BRONZE,coeseungmin@example.net,2023-03-03
U_0299,김지민,F,54,1972,전라 대구광역시 광진구 잠실6가 741-81,전라,BRONZE,gimhyeonu@example.net,2022-03-15
U_0300,한승민,F,29,1997,인천 인천광역시 양천구 테헤란가 676 (서현허동),인천,BRONZE,eunjigim@example.com,2025-04-09
U_0301,안정자,M,24,2002,경기 경상남도 강릉시 삼성85가 752,경기,BRONZE,seongsu19@example.net,2023-08-01
U_0302,최영호,M,45,1981,경상 경상북도 김포시 서초중앙52거리 599 (승현김동),경상,GOLD,icoe@example.net,2020-04-09
U_0303,최민준,M,21,2005,인천 충청남도 정선군 가락5가 234 (현우최동),인천,BRONZE,seoyeong99@example.com,2024-09-18
U_0304,허정순,M,28,1998,전라 제주특별자치도 강릉시 영동대로 779-66 (상훈김이리),전라,BRONZE,hyeonji09@example.com,2021-01-28
U_0305,손순자,F,30,1996,강원 대전광역시 남구 가락5거리 388,강원,BRONZE,yeji57@example.org,2024-12-07
U_0306,한영환,F,47,1979,서울 인천광역시 구로구 봉은사가 608-10 (영수권최마을),서울,SILVER,seoyeon02@example.net,2024-05-17
U_0307,윤미경,F,39,1987,충청 강원도 아산시 도산대557로 925-94 (영환윤면),충청,BRONZE,gimhyejin@example.com,2024-12-06
U_0308,권숙자,M,45,1981,인천 경상남도 정선군 테헤란거리 586,인천,SILVER,ogja40@example.net,2025-01-24
U_0309,박정수,F,59,1967,경상 서울특별시 관악구 양재천거리 724,경상,BRONZE,gimseoyeong@example.org,2021-05-11
U_0310,김현우,F,51,1975,대전 제주특별자치도 옥천군 가락18가 850,대전,BRONZE,iyeongsig@example.net,2026-01-08
U_0311,이예준,F,39,1987,인천 인천광역시 금천구 잠실로 555,인천,GOLD,ryujaeho@example.com,2023-01-05
U_0312,손종수,M,26,2000,인천 대전광역시 종로구 백제고분431거리 503 (준영김손동),인천,BRONZE,jihun65@example.org,2023-11-03
U_0313,김유진,M,41,1985,광주 전라북도 의왕시 테헤란거리 83 (준서한박면),광주,SILVER,myeongsuggim@example.com,2023-04-06
U_0314,김수민,F,38,1988,부산 경기도 당진시 압구정7가 345-56 (서윤김오면),부산,VIP,sanghungim@example.net,2023-10-29
U_0315,이수빈,F,54,1972,울산 대구광역시 양천구 논현10로 728-90 (영일김동),울산,BRONZE,kgim@example.org,2022-07-11
U_0316,고상호,M,32,1994,대구 대구광역시 강북구 석촌호수5로 810,대구,BRONZE,jungsu02@example.net,2022-05-08
U_0317,오은서,M,23,2003,부산 대전광역시 용산구 서초대87로 63,부산,BRONZE,iyeonghyi@example.net,2021-09-10
U_0318,이혜진,M,34,1992,울산 광주광역시 북구 서초대8길 48 (순옥김면),울산,BRONZE,nsim@example.net,2020-09-09
U_0319,박은서,F,49,1977,대구 광주광역시 금천구 테헤란369거리 676,대구,SILVER,namsugja@example.org,2023-08-03
U_0320,박서윤,M,37,1989,충청 광주광역시 광진구 도산대112길 276-2,충청,VIP,gimboram@example.net,2023-08-17
U_0321,임현지,M,56,1970,인천 경상남도 서산시 서초대66거리 721-21 (준서임리),인천,VIP,yunseo56@example.net,2024-12-16
U_0322,이상호,M,52,1974,경기 경상남도 공주시 잠실785거리 249,경기,BRONZE,gimhyeonjun@example.com,2024-03-30
U_0323,이지영,F,24,2002,강원 대전광역시 종로구 도산대거리 874-13 (미정김서마을),강원,GOLD,jeonghyii@example.com,2024-11-14
U_0324,최영호,M,20,2006,강원 전라북도 가평군 압구정로 552-39,강원,VIP,yangjiu@example.com,2020-08-11
U_0325,이건우,F,35,1991,충청 경상북도 서산시 가락905거리 117 (정수허이리),충청,BRONZE,mi@example.com,2023-10-23
U_0326,이성진,F,36,1990,대전 전라남도 청주시 청원구 가락가 5-55 (도윤최동),대전,SILVER,eunju62@example.com,2020-05-14
U_0327,윤유진,M,59,1967,대전 경상남도 안양시 동안구 테헤란로 860-29 (영호손읍),대전,BRONZE,gimjia@example.com,2024-05-01
U_0328,김정수,M,38,1988,울산 부산광역시 서초구 가락2거리 339-59,울산,BRONZE,gimsanghyeon@example.net,2023-08-24
U_0329,최영환,F,45,1981,경기 충청남도 안양시 동안구 강남대4길 436-2 (민서김고마을),경기,SILVER,bagminseog@example.com,2021-05-16
U_0330,박은서,M,28,1998,부산 부산광역시 영등포구 석촌호수가 797-5,부산,BRONZE,areum32@example.com,2022-04-23
U_0331,이미정,M,29,1997,충청 경기도 당진시 봉은사길 589 (영철엄동),충청,BRONZE,iyeonghyi@example.net,2021-06-13
U_0332,류현숙,F,38,1988,경상 울산광역시 중구 학동가 999-97,경상,BRONZE,oseongsu@example.net,2024-12-30
U_0333,장지민,F,45,1981,대전 세종특별자치시 중랑구 압구정5길 375-79 (민수류김리),대전,SILVER,hongmyeongja@example.net,2023-08-11
U_0334,안서준,F,36,1990,인천 대전광역시 성동구 영동대로 지하136 (경수이김마을),인천,SILVER,xim@example.net,2022-11-17
U_0335,김영식,F,55,1971,충청 대전광역시 광진구 서초대로 920-85 (영미이동),충청,VIP,ogja86@example.com,2025-05-19
U_0336,남예진,F,56,1970,충청 세종특별자치시 동대문구 석촌호수거리 571,충청,BRONZE,jaehyeon12@example.com,2024-06-21
U_0337,이도현,M,55,1971,제주 광주광역시 강동구 도산대303거리 149 (성호최마을),제주,BRONZE,iogja@example.com,2022-05-04
U_0338,김순자,M,59,1967,경상 경상남도 진천군 압구정거리 773,경상,BRONZE,hyeonji10@example.net,2024-02-01
U_0339,김명숙,M,32,1994,대전 대전광역시 동대문구 잠실길 439 (현정이박읍),대전,BRONZE,uhan@example.org,2021-08-07
U_0340,김지은,M,45,1981,울산 경기도 수원시 영통구 오금길 648,울산,GOLD,ojeongsun@example.com,2022-10-07
U_0341,김예준,F,35,1991,경상 울산광역시 용산구 개포가 232 (미숙김리),경상,BRONZE,yeongsugi@example.net,2024-06-30
U_0342,박서영,F,33,1993,인천 인천광역시 송파구 학동1로 906-48 (재현배면),인천,BRONZE,anjaeho@example.com,2022-04-14
U_0343,박수진,F,57,1969,광주 대전광역시 강동구 반포대39거리 589 (성민김리),광주,SILVER,bagsanghun@example.com,2025-02-15
U_0344,서정자,F,20,2006,대구 울산광역시 중랑구 테헤란44거리 568 (서연류김마을),대구,SILVER,tim@example.org,2021-03-17
U_0345,강경자,M,24,2002,충청 충청남도 정선군 반포대1가 지하76 (지은김리),충청,BRONZE,gyeongja64@example.net,2023-06-05
U_0346,신지훈,M,39,1987,인천 울산광역시 성동구 압구정길 518 (혜진백김읍),인천,BRONZE,yeongil03@example.net,2025-07-22
U_0347,최지우,F,25,2001,서울 경상남도 화천군 오금364가 716-26 (경수김리),서울,BRONZE,haeun93@example.com,2020-08-07
U_0348,류순옥,M,21,2005,강원 울산광역시 서초구 양재천59길 872-79 (정순윤김마을),강원,SILVER,jimingim@example.net,2020-05-10
U_0349,김은서,M,30,1996,대구 경기도 수원시 장안구 압구정819거리 753-27 (경희장한면),대구,BRONZE,yejun52@example.net,2023-08-24
U_0350,한정순,M,31,1995,광주 충청북도 금산군 학동0가 113-75 (민석김황마을),광주,SILVER,eunjuhan@example.com,2025-01-01
U_0351,심정식,M,58,1968,대구 강원도 천안시 서북구 가락가 739 (성훈서동),대구,BRONZE,jihyehong@example.org,2022-05-20
U_0352,박예원,M,48,1978,대구 울산광역시 마포구 반포대거리 645 (영순박마을),대구,SILVER,rcoe@example.com,2024-12-26
U_0353,이현준,F,26,2000,제주 충청남도 의정부시 오금9로 154-48,제주,SILVER,gimseonghun@example.org,2022-12-15
U_0354,권재현,F,49,1977,제주 경상북도 고성군 반포대4가 531,제주,SILVER,yeongil82@example.net,2020-02-23
U_0355,윤영환,M,39,1987,전라 전라남도 용인시 수지구 잠실거리 859-66,전라,BRONZE,seongyeongceol@example.org,2025-08-23
U_0356,황선영,F,57,1969,충청 전라남도 양구군 서초대6가 137-12,충청,BRONZE,yyun@example.org,2021-10-14
U_0357,강지아,F,55,1971,충청 울산광역시 영등포구 봉은사길 705-16 (현지김박마을),충청,BRONZE,minseosong@example.com,2020-04-30
U_0358,박중수,F,21,2005,부산 전라남도 평창군 강남대47로 98-20 (서준김동),부산,BRONZE,seongjin90@example.net,2021-02-02
U_0359,이지후,M,46,1980,부산 서울특별시 은평구 가락거리 지하983 (영자유동),부산,BRONZE,sanghyeoni@example.org,2022-12-28
U_0360,박상호,F,24,2002,충청 전라북도 동두천시 학동6가 668-44,충청,BRONZE,jihunjo@example.com,2023-04-06
U_0361,류현숙,F,39,1987,울산 강원도 청주시 서원구 서초대36거리 689 (민수이이읍),울산,BRONZE,yeongsig31@example.org,2025-09-26
U_0362,오민서,F,52,1974,광주 제주특별자치도 성남시 중원구 삼성거리 346-21 (경자심동),광주,SILVER,miyeong01@example.net,2022-11-12
U_0363,이민석,F,47,1979,광주 인천광역시 서초구 삼성길 557,광주,VIP,gimsanghyeon@example.net,2025-11-03
U_0364,김채원,M,57,1969,경상 대구광역시 강서구 테헤란12가 338 (준영오송리),경상,BRONZE,mgim@example.com,2020-07-27
U_0365,이현우,M,45,1981,경상 부산광역시 용산구 영동대거리 446,경상,BRONZE,tgim@example.com,2022-05-04
U_0366,박채원,M,51,1975,강원 대구광역시 중랑구 압구정로 241,강원,BRONZE,fjo@example.org,2022-05-02
U_0367,최영자,M,35,1991,광주 세종특별자치시 강동구 강남대가 863,광주,GOLD,mi@example.net,2023-05-16
U_0368,김지민,F,57,1969,제주 경기도 청주시 서원구 논현56가 698 (경수김읍),제주,BRONZE,ggweon@example.com,2024-02-03
U_0369,박혜진,F,43,1983,광주 충청북도 양구군 영동대가 858-98,광주,VIP,di@example.com,2020-07-03
U_0370,김은서,M,30,1996,인천 부산광역시 구로구 논현로 86,인천,GOLD,gimjeongho@example.org,2023-03-17
U_0371,이윤서,M,51,1975,인천 광주광역시 도봉구 압구정거리 686-94 (은서배동),인천,GOLD,minji61@example.com,2020-02-16
U_0372,이상현,M,20,2006,경기 대구광역시 관악구 양재천길 721 (영일손읍),경기,BRONZE,jeongsugcoe@example.com,2024-12-10
U_0373,김정웅,F,43,1983,강원 충청남도 용인시 기흥구 서초대가 461-73 (지민이김면),강원,BRONZE,yunseocoe@example.com,2025-05-14
U_0374,박주원,F,58,1968,서울 경기도 태안군 삼성거리 950,서울,BRONZE,munjeongnam@example.net,2020-01-07
U_0375,김서윤,M,33,1993,울산 인천광역시 용산구 언주가 954-48 (동현박마을),울산,BRONZE,jeonghogo@example.org,2022-03-11
U_0376,백경자,F,40,1986,경상 경상남도 철원군 압구정거리 31 (지은이박마을),경상,BRONZE,seohyeoncoe@example.net,2021-11-23
U_0377,김지영,F,32,1994,경기 강원도 용인시 수지구 잠실길 지하386 (서현이읍),경기,SILVER,bagyeweon@example.net,2023-09-26
U_0378,이진우,M,44,1982,충청 서울특별시 종로구 선릉길 150,충청,BRONZE,ijeongnam@example.org,2025-11-29
U_0379,송준영,M,47,1979,대전 인천광역시 영등포구 언주가 지하798 (정숙박김면),대전,BRONZE,sanghogim@example.net,2022-08-03
U_0380,장은정,F,44,1982,대구 충청남도 영월군 언주가 347-73 (미경이마을),대구,BRONZE,ri@example.net,2020-11-10
U_0381,김승현,F,41,1985,강원 경상북도 동두천시 강남대3로 829-75 (보람김면),강원,BRONZE,minji05@example.net,2023-11-22
U_0382,강현준,M,35,1991,대구 전라남도 고성군 언주거리 951 (정숙이신읍),대구,BRONZE,iyeongsun@example.net,2020-07-27
U_0383,김경자,M,60,1966,전라 세종특별자치시 성동구 가락6가 154-85 (승현배이면),전라,BRONZE,xbag@example.com,2021-04-04
U_0384,이준호,F,24,2002,충청 대전광역시 금천구 학동가 286 (진호조박면),충청,GOLD,iseoyeong@example.org,2021-05-16
U_0385,박승민,F,33,1993,경기 광주광역시 북구 석촌호수4거리 237-51 (영미박읍),경기,VIP,misugson@example.net,2022-08-04
U_0386,백상호,F,31,1995,인천 울산광역시 중구 봉은사가 지하372,인천,GOLD,munseungmin@example.net,2023-11-02
U_0387,이동현,M,33,1993,경기 전라북도 연천군 언주거리 294,경기,SILVER,yejun44@example.com,2021-05-30
U_0388,이영식,M,35,1991,경기 강원도 천안시 서북구 선릉길 188-73,경기,BRONZE,sunog20@example.net,2020-02-01
U_0389,이보람,F,57,1969,대전 광주광역시 강북구 가락길 97,대전,BRONZE,minjun44@example.net,2023-08-16
U_0390,안미영,F,33,1993,제주 부산광역시 노원구 오금727길 35 (채원박박리),제주,BRONZE,ogsuncoe@example.com,2024-09-12
U_0391,이성호,M,30,1996,경기 인천광역시 중랑구 양재천0길 362-79 (옥자김마을),경기,SILVER,haeuni@example.net,2025-01-24
U_0392,한지영,M,41,1985,광주 광주광역시 성북구 테헤란로 666-24,광주,BRONZE,jeongung17@example.com,2025-10-16
U_0393,박민지,M,24,2002,제주 충청북도 옥천군 오금3가 322,제주,BRONZE,bnam@example.com,2020-09-04
U_0394,박현정,M,20,2006,경기 강원도 논산시 개포431거리 830-99 (성훈이마을),경기,BRONZE,eunjeong54@example.org,2021-01-24
U_0395,손정남,M,44,1982,경상 경상남도 강릉시 봉은사7길 604-85,경상,BRONZE,jeongnambag@example.org,2022-11-28
U_0396,김정웅,M,21,2005,서울 대전광역시 은평구 압구정가 452 (춘자김마을),서울,BRONZE,yangjinu@example.com,2025-03-13
U_0397,김영철,F,51,1975,경상 전라남도 춘천시 테헤란4거리 323 (은서홍읍),경상,SILVER,zcoe@example.org,2025-09-22
U_0398,김승현,F,35,1991,대전 서울특별시 양천구 논현거리 767 (현숙손최면),대전,GOLD,mjang@example.org,2023-09-06
U_0399,윤미경,F,38,1988,경상 부산광역시 성북구 삼성15길 231,경상,SILVER,yeongilbag@example.com,2024-11-01
U_0400,박지혜,F,25,2001,부산 세종특별자치시 서구 잠실길 966 (광수성리),부산,GOLD,jiweon07@example.net,2021-11-08
U_0401,이순옥,M,22,2004,전라 경기도 구리시 언주3거리 884,전라,BRONZE,dohyeon58@example.net,2022-11-07
U_0402,유정웅,M,56,1970,강원 충청북도 당진시 도산대로 757-13 (유진남면),강원,BRONZE,yejii@example.com,2023-02-13
U_0403,송준서,F,25,2001,부산 서울특별시 남구 도산대98로 718-11,부산,BRONZE,miyeong96@example.com,2024-10-05
U_0404,박유진,M,25,2001,전라 인천광역시 관악구 강남대87거리 750 (하은박심동),전라,GOLD,seojunjin@example.org,2023-12-22
U_0405,김동현,F,50,1976,대전 제주특별자치도 태안군 서초대3로 116-80 (정식윤면),대전,SILVER,jgang@example.org,2023-01-06
U_0406,윤정훈,F,43,1983,경상 경상북도 예산군 백제고분거리 705-76,경상,GOLD,tgim@example.com,2025-02-13
U_0407,허성호,F,49,1977,제주 전라남도 안양시 동안구 학동4길 956-30,제주,BRONZE,jieun65@example.org,2021-08-05
U_0408,박예진,M,60,1966,광주 세종특별자치시 광진구 오금가 109-99 (상훈엄동),광주,BRONZE,siu41@example.org,2025-04-26
U_0409,안순옥,F,37,1989,인천 경상남도 오산시 강남대217길 308-41 (주원김하읍),인천,BRONZE,rmun@example.net,2022-11-03
U_0410,강현정,F,34,1992,대구 광주광역시 종로구 서초대80가 159,대구,BRONZE,ojeonghyi@example.com,2022-07-03
U_0411,박은주,F,31,1995,광주 충청북도 과천시 영동대길 435-19 (민준김이마을),광주,BRONZE,yunjunho@example.com,2023-12-24
U_0412,윤미정,F,48,1978,충청 강원도 화성시 도산대길 264 (지아김동),충청,SILVER,dgim@example.net,2024-09-16
U_0413,최영진,M,53,1973,경기 인천광역시 강북구 반포대로 168 (지우김마을),경기,VIP,hyeonsug48@example.org,2021-11-15
U_0414,김지연,F,51,1975,부산 경상남도 고양시 일산동구 테헤란로 635,부산,VIP,gweonjuweon@example.org,2021-03-25
U_0415,윤민수,M,30,1996,충청 충청남도 고양시 덕양구 학동835로 797 (미숙이면),충청,BRONZE,jiweon30@example.com,2022-07-07
U_0416,이영환,F,27,1999,전라 대구광역시 성동구 도산대661거리 432-42,전라,SILVER,jiyeong72@example.net,2022-06-21
U_0417,이아름,M,44,1982,경상 전라북도 안산시 학동56가 955,경상,SILVER,minjaebag@example.net,2022-12-13
U_0418,박시우,M,29,1997,광주 서울특별시 강서구 양재천거리 980-30 (지훈김이마을),광주,BRONZE,isubin@example.com,2023-04-06
U_0419,최동현,M,40,1986,광주 강원도 강릉시 서초중앙347길 36,광주,BRONZE,yeongsugi@example.net,2021-11-21
U_0420,김현정,F,24,2002,제주 대전광역시 동구 논현4거리 547 (상호김면),제주,BRONZE,jgim@example.com,2021-02-08
U_0421,박미경,F,30,1996,경기 대구광역시 중랑구 서초중앙6길 928-2 (하은김동),경기,GOLD,hyeonjun82@example.net,2021-06-17
U_0422,김예준,F,42,1984,전라 제주특별자치도 오산시 선릉거리 787-39,전라,BRONZE,jeongnamhong@example.com,2022-11-22
U_0423,차하은,M,35,1991,부산 부산광역시 강서구 백제고분로 618-13 (정숙김박면),부산,GOLD,eunseogim@example.org,2021-07-26
U_0424,배현주,M,27,1999,부산 서울특별시 은평구 반포대로 955,부산,BRONZE,minsu03@example.com,2022-03-10
U_0425,최영일,M,54,1972,인천 충청북도 충주시 서초대52길 307-66 (수진이김읍),인천,SILVER,jeongsun62@example.com,2025-12-27
U_0426,박중수,F,32,1994,강원 전라북도 청양군 서초대길 36,강원,GOLD,jeonghyi36@example.com,2022-04-22
U_0427,윤미경,M,26,2000,대구 광주광역시 종로구 양재천길 지하481 (종수김면),대구,SILVER,yejun77@example.com,2024-01-17
U_0428,이숙자,M,33,1993,제주 경기도 고양시 일산동구 서초중앙24거리 469-13 (영진김장마을),제주,BRONZE,junyeong65@example.org,2024-02-07
U_0429,이옥자,M,29,1997,서울 충청북도 삼척시 개포로 171,서울,SILVER,jeongjajang@example.org,2021-07-18
U_0430,최옥자,M,48,1978,대전 울산광역시 양천구 양재천86거리 338 (민재손면),대전,GOLD,ugim@example.com,2022-02-25
U_0431,이영수,F,27,1999,광주 충청북도 의정부시 석촌호수2로 223,광주,BRONZE,jieun19@example.com,2023-12-29
U_0432,이정웅,F,48,1978,광주 대전광역시 북구 봉은사거리 290-21 (지혜류마을),광주,GOLD,eunjeongbag@example.com,2025-05-22
U_0433,오영식,F,38,1988,경상 충청북도 고양시 덕양구 영동대거리 160,경상,BRONZE,nim@example.net,2023-05-24
U_0434,박민준,M,50,1976,제주 제주특별자치도 증평군 백제고분길 334-65 (영순한이면),제주,GOLD,ogsun02@example.org,2023-01-24
U_0435,권미정,F,39,1987,서울 광주광역시 구로구 논현길 62-69 (성호이이리),서울,SILVER,yunujin@example.com,2025-12-13
U_0436,오영순,F,38,1988,대구 서울특별시 동대문구 잠실길 838-39 (정웅박읍),대구,SILVER,yeweoni@example.net,2023-04-26
U_0437,김민서,F,31,1995,제주 부산광역시 서대문구 선릉0거리 378-73,제주,BRONZE,yi@example.net,2022-11-15
U_0438,김승현,F,20,2006,부산 부산광역시 강동구 잠실25거리 656,부산,BRONZE,ogyeongsu@example.net,2020-07-12
U_0439,김성호,M,36,1990,경상 인천광역시 강북구 압구정길 648-47,경상,SILVER,gyeongsucoe@example.com,2024-01-27
U_0440,이민준,F,35,1991,충청 전라남도 수원시 장안구 양재천가 94-24 (민준배면),충청,SILVER,wbag@example.com,2025-09-17
U_0441,한영수,M,21,2005,경상 인천광역시 동대문구 개포545가 629,경상,SILVER,tmin@example.org,2024-05-22
U_0442,김영희,M,22,2004,충청 충청남도 안산시 단원구 논현49거리 494,충청,VIP,jihye15@example.net,2020-08-15
U_0443,박정수,M,49,1977,서울 강원도 고양시 덕양구 백제고분로 지하520 (수진김배면),서울,SILVER,minji35@example.com,2020-10-21
U_0444,이주원,F,49,1977,부산 서울특별시 동구 언주14로 668-99 (정훈유마을),부산,BRONZE,migyeong44@example.org,2025-06-30
U_0445,황영일,M,20,2006,대전 대구광역시 강북구 석촌호수길 352,대전,BRONZE,seoyun16@example.net,2022-11-28
U_0446,구영자,M,47,1979,대전 울산광역시 은평구 강남대길 54-66 (영길이김읍),대전,SILVER,eunjeongan@example.net,2020-07-29
U_0447,양명자,F,38,1988,전라 광주광역시 구로구 봉은사가 141 (지원한동),전라,BRONZE,yeonghyi51@example.net,2020-03-16
U_0448,윤옥자,M,29,1997,강원 세종특별자치시 양천구 오금5로 355-81,강원,BRONZE,iseonghun@example.org,2023-03-07
U_0449,최영수,F,28,1998,부산 충청북도 홍성군 잠실9가 764-94 (도윤김김면),부산,SILVER,seongsumun@example.net,2021-07-29
U_0450,이현우,F,30,1996,서울 인천광역시 강서구 오금89거리 772 (중수김동),서울,BRONZE,eunseoi@example.net,2021-02-07
U_0451,이숙자,F,42,1984,강원 부산광역시 광진구 논현거리 329-18,강원,BRONZE,wgim@example.org,2024-09-05
U_0452,이성호,M,20,2006,강원 인천광역시 중구 양재천길 830-49,강원,SILVER,yeongsugang@example.net,2023-06-04
U_0453,고준호,M,35,1991,울산 광주광역시 남구 삼성8길 995 (성훈정박동),울산,BRONZE,gimeunjeong@example.net,2022-04-07
U_0454,김지후,F,26,2000,경상 경상북도 고양시 일산동구 언주로 688-29 (도현박이마을),경상,BRONZE,bbag@example.org,2023-08-17
U_0455,김영희,M,23,2003,울산 전라남도 춘천시 개포716거리 지하522,울산,SILVER,bagyeongsug@example.net,2022-03-04
U_0456,김아름,M,30,1996,대전 세종특별자치시 북구 논현거리 813,대전,VIP,xseo@example.com,2021-12-07
U_0457,장영희,F,51,1975,대전 인천광역시 송파구 논현길 437,대전,BRONZE,sanghyeongim@example.com,2022-10-01
U_0458,박옥자,F,31,1995,전라 부산광역시 영등포구 도산대750로 813 (옥자이김읍),전라,SILVER,gangminjun@example.org,2023-10-18
U_0459,최하윤,M,40,1986,강원 대구광역시 노원구 삼성로 지하514 (현주한김읍),강원,SILVER,heominjun@example.com,2022-10-08
U_0460,류영진,M,27,1999,인천 광주광역시 도봉구 강남대6가 지하61,인천,SILVER,seojunbag@example.com,2025-12-14
U_0461,문지은,M,33,1993,강원 충청남도 용인시 수지구 가락6거리 680,강원,BRONZE,yujin52@example.org,2025-09-20
U_0462,김정남,F,37,1989,울산 강원도 용인시 봉은사601길 931 (성민황읍),울산,SILVER,pbaeg@example.org,2023-11-12
U_0463,권지아,F,56,1970,충청 전라남도 단양군 역삼길 590 (준혁김곽리),충청,BRONZE,mgim@example.org,2020-02-09
U_0464,김성수,M,48,1978,경상 대전광역시 강남구 학동591가 446 (준영김홍동),경상,BRONZE,ijeonghyi@example.org,2023-04-12
U_0465,오은서,F,26,2000,부산 전라남도 수원시 팔달구 삼성가 100-19,부산,BRONZE,yeonghwanyun@example.com,2025-07-15
U_0466,나옥순,M,60,1966,대구 경상남도 삼척시 잠실961가 691,대구,BRONZE,boram84@example.net,2021-05-03
U_0467,성현정,M,30,1996,대전 제주특별자치도 광주시 백제고분거리 698,대전,BRONZE,jihun24@example.org,2022-02-08
U_0468,윤종수,F,60,1966,대전 충청남도 인제군 학동길 지하851,대전,SILVER,donghyeon19@example.net,2022-08-18
U_0469,김아름,F,27,1999,경기 광주광역시 강북구 백제고분가 81,경기,BRONZE,jihun64@example.com,2024-01-08
U_0470,이영식,M,33,1993,경상 경상남도 고양시 일산동구 압구정0가 825 (경희김읍),경상,GOLD,gimdonghyeon@example.net,2021-03-10
U_0471,이승현,M,59,1967,대전 세종특별자치시 강북구 서초중앙458길 898-55,대전,SILVER,munhayun@example.com,2024-04-27
U_0472,장현정,M,42,1984,강원 전라남도 청주시 청원구 강남대길 지하185,강원,SILVER,zgim@example.com,2022-06-16
U_0473,배미경,M,34,1992,제주 경상북도 안양시 만안구 반포대가 414-56 (영철김김리),제주,BRONZE,rgim@example.org,2025-06-18
U_0474,이성호,F,21,2005,충청 서울특별시 금천구 서초중앙9길 693,충청,BRONZE,juweon06@example.org,2023-02-10
U_0475,김지우,F,26,2000,울산 경상북도 용인시 처인구 테헤란로 954,울산,BRONZE,migyeong43@example.net,2024-11-25
U_0476,백시우,M,27,1999,제주 대전광역시 서대문구 서초대로 429-43 (경수김주마을),제주,BRONZE,cjang@example.net,2021-01-25
U_0477,이예원,F,30,1996,제주 대전광역시 동대문구 반포대가 683-97 (명숙김박마을),제주,BRONZE,ti@example.com,2022-02-28
U_0478,김영수,M,22,2004,광주 서울특별시 동대문구 반포대219가 736 (승현윤리),광주,BRONZE,bagseonyeong@example.org,2024-07-31
U_0479,송영순,M,46,1980,경상 전라북도 보령시 영동대가 553,경상,SILVER,jiweon14@example.com,2023-07-31
U_0480,이미정,F,35,1991,인천 충청남도 태안군 개포2로 26,인천,SILVER,hyeonsuggim@example.com,2020-05-28
U_0481,임영환,F,58,1968,인천 대구광역시 관악구 역삼가 333 (지훈장한리),인천,BRONZE,sunogi@example.net,2023-03-30
U_0482,최혜진,M,38,1988,인천 광주광역시 성동구 석촌호수로 233-89 (미정이마을),인천,SILVER,minseog99@example.org,2023-06-15
U_0483,문윤서,M,42,1984,서울 광주광역시 용산구 압구정거리 829-39 (영식김면),서울,BRONZE,bagsugja@example.net,2026-01-25
U_0484,김은경,F,55,1971,전라 경상남도 춘천시 언주875가 880,전라,BRONZE,jeongsugi@example.com,2020-10-06
U_0485,이종수,F,43,1983,인천 울산광역시 서초구 양재천3로 395-94,인천,BRONZE,caeweongo@example.com,2024-10-19
U_0486,권지훈,M,49,1977,인천 강원도 진천군 테헤란가 214,인천,BRONZE,gimsunja@example.com,2024-12-03
U_0487,박수민,F,32,1994,충청 강원도 부천시 소사구 백제고분27길 294-95,충청,BRONZE,hayun20@example.org,2022-02-04
U_0488,김수진,F,37,1989,대구 경상남도 양평군 학동3거리 88,대구,GOLD,jungsugo@example.net,2021-06-29
U_0489,권영숙,F,57,1969,제주 경상남도 구리시 서초대거리 292,제주,BRONZE,guseongsu@example.com,2022-02-11
U_0490,최승민,F,52,1974,대전 강원도 안산시 상록구 논현1거리 지하597,대전,BRONZE,yeongsigcoe@example.com,2020-12-05
U_0491,이민지,M,52,1974,경기 울산광역시 광진구 논현4가 823-5,경기,BRONZE,ki@example.com,2025-10-31
U_0492,이지훈,M,24,2002,제주 울산광역시 구로구 테헤란거리 669 (성호권면),제주,BRONZE,gimyeongceol@example.com,2020-08-27
U_0493,이정희,M,21,2005,전라 제주특별자치도 성남시 수정구 언주001거리 122-93,전라,BRONZE,cgim@example.net,2020-02-07
U_0494,김예은,F,38,1988,대전 울산광역시 북구 학동가 지하475,대전,BRONZE,xmin@example.com,2020-11-17
U_0495,송영환,F,54,1972,인천 대전광역시 동구 오금길 660,인천,BRONZE,mi@example.net,2026-01-25
U_0496,오지현,M,60,1966,부산 경기도 증평군 가락3거리 126-29,부산,SILVER,fbag@example.org,2024-02-05
U_0497,나민지,F,47,1979,강원 제주특별자치도 횡성군 가락805로 401-64 (영진백김면),강원,BRONZE,simjunseo@example.com,2020-11-08
U_0498,한정순,F,50,1976,대전 경기도 수원시 서초중앙로 303-82 (순옥남마을),대전,BRONZE,oyeongceol@example.org,2023-02-14
U_0499,이현정,M,42,1984,제주 대전광역시 마포구 논현5로 지하132 (진우고최읍),제주,SILVER,yeongceolbag@example.com,2025-12-09
U_0500,권준서,F,54,1972,전라 부산광역시 중랑구 오금52가 326-52,전라,BRONZE,gimjia@example.net,2020-04-16
U_0501,오종수,M,40,1986,서울 전라북도 안산시 단원구 반포대거리 지하700 (예지박최면),서울,BRONZE,sangceolbag@example.com,2024-11-28
U_0502,안성진,M,23,2003,인천 인천광역시 용산구 도산대로 207,인천,BRONZE,hanminjae@example.net,2024-07-09
U_0503,남승현,M,28,1998,제주 제주특별자치도 성남시 봉은사가 225,제주,SILVER,heomiyeong@example.net,2021-11-02
U_0504,김수진,M,50,1976,울산 충청북도 괴산군 선릉길 869,울산,SILVER,yeongsugim@example.com,2025-02-28
U_0505,이정식,M,37,1989,대전 대전광역시 성동구 반포대가 999,대전,BRONZE,minji08@example.com,2020-02-19
U_0506,이상호,M,48,1978,대전 전라북도 예산군 압구정거리 833-17 (영숙김김동),대전,VIP,ggim@example.net,2024-08-16
U_0507,최민석,M,20,2006,부산 대전광역시 서구 반포대1로 192,부산,BRONZE,jaehogim@example.net,2021-09-01
U_0508,류은지,M,50,1976,강원 전라북도 부천시 원미구 압구정405로 795 (현준김동),강원,BRONZE,minseog20@example.org,2023-05-03
U_0509,김재현,M,34,1992,광주 대구광역시 강북구 역삼978길 290-14 (중수김동),광주,GOLD,gi@example.net,2025-01-18
U_0510,안영수,M,49,1977,전라 제주특별자치도 단양군 삼성56길 지하494,전라,GOLD,cunjaryu@example.org,2020-10-02
U_0511,이영희,M,22,2004,서울 광주광역시 동구 선릉길 143,서울,BRONZE,mgim@example.net,2020-02-24
U_0512,이예원,M,59,1967,강원 대구광역시 양천구 서초대041가 642-78,강원,BRONZE,igang@example.org,2025-10-25
U_0513,권준호,M,42,1984,대구 전라남도 부천시 석촌호수가 838,대구,BRONZE,eunju25@example.org,2023-05-10
U_0514,최성호,F,53,1973,광주 충청남도 충주시 도산대로 454-67 (동현장동),광주,SILVER,jeonghunsin@example.net,2023-03-07
U_0515,박도윤,F,54,1972,대전 제주특별자치도 수원시 영통구 도산대7가 579-53,대전,BRONZE,seonghoi@example.org,2023-08-06
U_0516,최서연,M,20,2006,대구 인천광역시 강남구 서초중앙892가 400-79,대구,BRONZE,gbag@example.org,2023-06-21
U_0517,김준영,F,29,1997,부산 서울특별시 양천구 서초중앙21거리 649 (영길남김읍),부산,BRONZE,bagjihye@example.org,2022-09-17
U_0518,김미정,M,45,1981,인천 경상남도 서산시 삼성거리 727-62,인천,SILVER,yeongja77@example.com,2025-08-04
U_0519,성동현,M,56,1970,제주 전라남도 여주시 반포대87가 202-93 (상호주이리),제주,BRONZE,sangceoli@example.net,2021-01-25
U_0520,윤정훈,F,30,1996,제주 광주광역시 금천구 오금거리 305-13,제주,BRONZE,ujingang@example.org,2024-07-19
U_0521,이순옥,M,48,1978,대구 강원도 동두천시 논현가 609,대구,BRONZE,yeongsu37@example.com,2023-12-25
U_0522,심준서,F,27,1999,대전 세종특별자치시 중랑구 백제고분63가 지하723 (정순김강읍),대전,BRONZE,junyeongyun@example.org,2024-01-10
U_0523,황정남,F,49,1977,대구 강원도 서천군 압구정879길 305-97,대구,BRONZE,than@example.org,2024-05-11
U_0524,박중수,F,34,1992,경상 대전광역시 마포구 영동대28로 79-31,경상,BRONZE,gyeongsusong@example.com,2023-01-17
U_0525,이은정,F,50,1976,부산 서울특별시 중구 개포가 987,부산,BRONZE,jieun13@example.net,2023-05-27
U_0526,김재호,M,37,1989,울산 서울특별시 강동구 삼성65가 179,울산,BRONZE,gyeongja88@example.org,2021-10-23
U_0527,박서영,F,46,1980,강원 대구광역시 중구 봉은사거리 613-56 (지훈안김리),강원,BRONZE,gyeongsu23@example.org,2022-01-06
U_0528,한명숙,F,38,1988,제주 경상남도 양평군 개포5길 지하362 (민수민최읍),제주,BRONZE,eungyeongi@example.org,2023-01-19
U_0529,윤지민,F,38,1988,강원 세종특별자치시 노원구 백제고분가 835 (성진박동),강원,SILVER,ogsun57@example.org,2021-11-06
U_0530,김성호,F,24,2002,경기 대구광역시 강북구 서초중앙길 379-39,경기,BRONZE,sangceol01@example.org,2026-01-11
U_0531,박채원,M,34,1992,울산 세종특별자치시 송파구 서초중앙거리 27,울산,BRONZE,gbag@example.com,2024-01-28
U_0532,박광수,F,32,1994,전라 대구광역시 중구 역삼길 904-42,전라,GOLD,jangyeongmi@example.org,2021-09-06
U_0533,이미숙,F,40,1986,인천 울산광역시 성동구 논현299가 383 (영자김서읍),인천,SILVER,yeongsiggim@example.org,2023-09-20
U_0534,이영진,F,37,1989,제주 경상남도 논산시 논현4거리 720-15 (혜진고마을),제주,BRONZE,xbaeg@example.org,2025-05-08
U_0535,김현우,M,46,1980,광주 대전광역시 서대문구 도산대581거리 696,광주,SILVER,hwangjeongsug@example.com,2023-05-16
U_0536,차정수,M,57,1969,광주 경상북도 단양군 가락0가 993 (혜진김김동),광주,BRONZE,bagseongmin@example.net,2021-04-13
U_0537,한선영,M,54,1972,충청 전라남도 단양군 오금9길 지하161,충청,SILVER,gimgyeongja@example.com,2025-02-16
U_0538,박재현,M,42,1984,대구 부산광역시 동구 압구정2거리 924-87 (민서김면),대구,SILVER,xno@example.org,2025-01-03
U_0539,송성훈,M,41,1985,인천 경상북도 과천시 언주0로 120-5,인천,BRONZE,hongyejun@example.com,2022-07-07
U_0540,박은지,F,45,1981,강원 대전광역시 성동구 오금거리 808,강원,SILVER,gimsujin@example.net,2025-10-28
U_0541,박영철,F,60,1966,전라 제주특별자치도 안양시 동안구 잠실가 640 (서영김리),전라,SILVER,junho77@example.net,2023-04-27
U_0542,안옥자,F,48,1978,강원 경상북도 괴산군 서초대로 337-27 (지은안김면),강원,BRONZE,sujinyun@example.org,2021-03-27
U_0543,한영호,M,46,1980,울산 세종특별자치시 서구 잠실42가 760-34,울산,BRONZE,bagyeonghyi@example.org,2026-01-12
U_0544,심정숙,M,49,1977,서울 대구광역시 남구 강남대로 672,서울,BRONZE,rheo@example.net,2025-01-28
U_0545,남미영,M,56,1970,전라 대구광역시 북구 서초중앙길 928,전라,SILVER,gimyeonghwan@example.com,2025-10-23
U_0546,배지영,F,42,1984,울산 충청북도 음성군 삼성5길 454-99 (하은서박읍),울산,BRONZE,bagyeweon@example.com,2024-08-21
U_0547,이영순,F,43,1983,전라 경기도 증평군 도산대길 737-45 (은서주리),전라,BRONZE,hyeonji32@example.com,2021-06-23
U_0548,최은지,M,31,1995,경상 경상북도 부여군 압구정682로 34,경상,BRONZE,jeongho29@example.org,2021-11-08
U_0549,이지후,F,34,1992,경기 대전광역시 강서구 봉은사095길 113-58 (서현이리),경기,SILVER,pnam@example.net,2020-09-30
U_0550,이성민,M,40,1986,경상 대구광역시 양천구 언주42길 850 (재호권마을),경상,BRONZE,yeweon19@example.com,2020-08-20
U_0551,장도윤,F,22,2004,울산 전라남도 안양시 압구정거리 592,울산,BRONZE,yunyeongjin@example.com,2022-12-12
U_0552,서영일,F,57,1969,충청 서울특별시 노원구 압구정가 165 (하윤박리),충청,SILVER,yseo@example.net,2021-11-12
U_0553,김영길,F,53,1973,충청 대구광역시 남구 백제고분로 281 (정호이김리),충청,BRONZE,tnam@example.com,2022-10-28
U_0554,이영미,F,34,1992,전라 세종특별자치시 북구 학동거리 838 (경숙백배마을),전라,BRONZE,iseoyeon@example.com,2025-09-30
U_0555,구종수,M,25,2001,대전 제주특별자치도 천안시 동남구 영동대5길 220-48,대전,BRONZE,jeongsuggweon@example.net,2022-08-24
U_0556,김도윤,M,40,1986,광주 충청남도 천안시 동남구 서초중앙173거리 55 (경자윤황동),광주,BRONZE,boram81@example.net,2020-02-15
U_0557,백지연,F,42,1984,대구 전라남도 속초시 영동대로 394-19,대구,BRONZE,ebag@example.org,2021-03-25
U_0558,박은서,M,31,1995,서울 인천광역시 동작구 선릉25로 597,서울,GOLD,seonghobag@example.net,2025-01-11
U_0559,박옥자,M,48,1978,부산 전라남도 광주시 삼성172길 921-11,부산,BRONZE,jeongho61@example.net,2021-12-20
U_0560,최아름,M,32,1994,광주 부산광역시 영등포구 논현로 791,광주,BRONZE,junyeonggim@example.net,2021-10-12
U_0561,최도윤,M,51,1975,제주 광주광역시 성동구 석촌호수84거리 지하153,제주,BRONZE,yeongmiryu@example.net,2021-10-16
U_0562,이지연,F,31,1995,서울 광주광역시 성동구 반포대길 지하16 (민재이리),서울,BRONZE,sjang@example.net,2021-03-27
U_0563,안건우,F,34,1992,인천 강원도 평택시 강남대거리 890-20,인천,BRONZE,siubag@example.com,2022-05-26
U_0564,이준호,M,24,2002,경기 대전광역시 강남구 잠실가 728-94,경기,SILVER,mi@example.com,2025-03-08
U_0565,김영숙,M,58,1968,제주 경기도 김포시 서초중앙로 919 (영희홍마을),제주,BRONZE,gyeongjai@example.org,2021-06-10
U_0566,이영일,M,60,1966,경기 대전광역시 강북구 강남대길 지하735,경기,BRONZE,usujin@example.net,2023-10-25
U_0567,최하윤,F,24,2002,제주 울산광역시 서대문구 강남대8가 864-42,제주,BRONZE,hyeonjungim@example.net,2023-07-03
U_0568,장지원,F,22,2004,부산 경상남도 고양시 삼성195거리 128,부산,BRONZE,ibag@example.net,2023-02-12
U_0569,박성민,M,57,1969,서울 대구광역시 강서구 학동길 344,서울,BRONZE,gyeongjagim@example.com,2023-10-15
U_0570,주현우,F,56,1970,인천 전라남도 당진시 강남대길 597,인천,BRONZE,jungsuyun@example.org,2025-12-02
U_0571,윤성훈,M,26,2000,울산 제주특별자치도 안성시 압구정길 185,울산,BRONZE,nmun@example.org,2022-10-22
U_0572,최하은,M,54,1972,부산 경기도 시흥시 서초중앙06로 1-95,부산,SILVER,sangho74@example.org,2023-10-25
U_0573,김정훈,M,32,1994,대전 서울특별시 은평구 강남대0거리 3 (서영황마을),대전,SILVER,gimjaeho@example.com,2025-05-29
U_0574,김지현,M,37,1989,울산 전라북도 용인시 수지구 서초대04거리 970,울산,BRONZE,jiyeonhwang@example.com,2025-03-15
U_0575,서은주,F,39,1987,대전 울산광역시 은평구 도산대2로 지하502 (도현김읍),대전,BRONZE,coejunho@example.net,2024-03-02
U_0576,윤은지,F,50,1976,충청 서울특별시 금천구 학동60로 850,충청,SILVER,yeeun56@example.com,2022-08-25
U_0577,박상현,M,52,1974,경기 경상남도 아산시 선릉0로 756-98 (영수이고마을),경기,GOLD,usim@example.net,2022-08-09
U_0578,안선영,M,40,1986,제주 강원도 가평군 압구정28가 339,제주,SILVER,ti@example.net,2020-07-25
U_0579,장상철,F,54,1972,부산 울산광역시 강동구 가락가 666 (지우유동),부산,SILVER,hyeonjiheo@example.com,2024-07-31
U_0580,최정웅,M,54,1972,전라 대구광역시 서구 봉은사길 947,전라,SILVER,misug90@example.net,2024-10-03
U_0581,황예은,F,46,1980,부산 인천광역시 은평구 양재천6가 868-92 (채원장리),부산,GOLD,gimjunho@example.com,2025-11-07
U_0582,박영호,F,59,1967,전라 부산광역시 강동구 테헤란가 339 (재현남이마을),전라,GOLD,munminseo@example.org,2021-10-17
U_0583,김서연,F,36,1990,대전 충청북도 동두천시 가락796로 765-69 (민준이한리),대전,SILVER,myeongsug83@example.org,2021-02-04
U_0584,윤민재,M,20,2006,광주 경상남도 성남시 중원구 가락길 723-45,광주,BRONZE,jieungim@example.net,2020-09-13
U_0585,김영식,F,31,1995,서울 인천광역시 광진구 오금가 653 (수빈이박마을),서울,BRONZE,minseog74@example.net,2026-01-22
U_0586,박옥순,M,26,2000,울산 인천광역시 도봉구 학동거리 41 (미숙최이마을),울산,BRONZE,dohyeon91@example.net,2024-01-10
U_0587,이성진,F,27,1999,경기 강원도 증평군 테헤란39거리 646,경기,SILVER,jeongsigbag@example.net,2024-05-13
U_0588,김현정,F,30,1996,대전 광주광역시 강동구 개포로 910-67,대전,BRONZE,dryu@example.org,2024-03-29
U_0589,이현준,M,47,1979,강원 인천광역시 송파구 양재천62거리 310,강원,GOLD,ugim@example.com,2020-06-02
U_0590,이성수,M,21,2005,경상 경상북도 남양주시 선릉61가 302,경상,SILVER,cunjaryu@example.net,2021-08-04
U_0591,이영일,M,43,1983,광주 대전광역시 구로구 석촌호수거리 952 (영미박성동),광주,BRONZE,pcoe@example.org,2023-03-17
U_0592,이민준,F,59,1967,대구 광주광역시 종로구 서초대918거리 733-64,대구,BRONZE,yejingim@example.com,2024-07-15
U_0593,진경자,M,35,1991,강원 인천광역시 강동구 언주0길 536-17,강원,BRONZE,bagsubin@example.com,2022-11-14
U_0594,오수민,F,54,1972,부산 충청북도 홍성군 언주로 841-46 (진우서리),부산,GOLD,hgim@example.org,2020-09-14
U_0595,최지원,M,34,1992,부산 서울특별시 은평구 석촌호수0로 749,부산,BRONZE,hyeonjun95@example.com,2024-10-30
U_0596,이진호,M,42,1984,경상 충청북도 평택시 잠실거리 771-38 (종수김문면),경상,VIP,ujin63@example.net,2022-04-19
U_0597,허정자,F,36,1990,대전 경상북도 성남시 수정구 봉은사2거리 지하136,대전,GOLD,myeongsug36@example.com,2021-03-12
U_0598,한정식,M,47,1979,인천 충청북도 이천시 선릉52로 65 (재현장강마을),인천,BRONZE,egwag@example.com,2020-03-29
U_0599,박은지,F,20,2006,대구 서울특별시 구로구 언주로 24 (현숙윤김면),대구,SILVER,bagmiyeong@example.com,2021-02-22
U_0600,박동현,F,58,1968,경기 대전광역시 도봉구 선릉06가 812-43 (정희김동),경기,SILVER,yeongjin63@example.net,2022-03-07
U_0601,박민준,M,53,1973,강원 대구광역시 북구 잠실09길 848,강원,BRONZE,rgim@example.org,2021-07-15
U_0602,배서현,M,50,1976,경기 제주특별자치도 삼척시 테헤란거리 503-88 (정수김동),경기,BRONZE,yeongsig28@example.org,2022-02-16
U_0603,김명숙,F,40,1986,서울 인천광역시 은평구 반포대1로 630 (미정심면),서울,BRONZE,zgim@example.com,2021-02-12
U_0604,김서연,F,32,1994,충청 충청북도 태안군 서초대37로 917 (정남김김읍),충청,BRONZE,dohyeoni@example.org,2020-12-05
U_0605,최민석,M,38,1988,대구 경기도 원주시 선릉149가 722 (수진김읍),대구,BRONZE,sangceol58@example.net,2023-07-06
U_0606,이예진,M,35,1991,인천 대구광역시 도봉구 영동대915거리 298-42,인천,BRONZE,seonyeongi@example.net,2021-03-09
U_0607,장지우,F,44,1982,인천 서울특별시 용산구 논현35로 271-51 (은지서동),인천,BRONZE,fgim@example.com,2024-03-06
U_0608,김정수,M,56,1970,강원 전라북도 서천군 강남대가 867,강원,SILVER,coejeonghun@example.net,2024-01-04
U_0609,박영길,F,23,2003,울산 세종특별자치시 성동구 백제고분234거리 69 (성민서면),울산,SILVER,zgim@example.net,2024-01-16
U_0610,허은경,F,44,1982,광주 광주광역시 성동구 강남대거리 375,광주,BRONZE,pmun@example.net,2023-11-08
U_0611,김은경,F,53,1973,대구 강원도 천안시 동남구 강남대0길 949,대구,BRONZE,jgim@example.net,2020-12-10
U_0612,손진우,M,29,1997,대전 전라북도 양주시 언주가 783,대전,VIP,gimeungyeong@example.com,2025-02-05
U_0613,황진호,F,52,1974,경상 세종특별자치시 서초구 역삼거리 253 (정희박김읍),경상,GOLD,tson@example.com,2024-02-10
U_0614,한지은,M,57,1969,경기 인천광역시 북구 도산대거리 468 (은정이김마을),경기,SILVER,sugjamun@example.net,2024-09-15
U_0615,허현주,F,60,1966,대구 강원도 안산시 상록구 개포43길 308,대구,BRONZE,jihui@example.org,2021-04-21
U_0616,윤서영,M,29,1997,서울 광주광역시 노원구 도산대로 176-7,서울,VIP,jgang@example.net,2020-10-29
U_0617,이우진,F,53,1973,경상 울산광역시 도봉구 압구정9로 673 (은지서이동),경상,BRONZE,jeonghuni@example.net,2021-12-10
U_0618,김진우,M,22,2004,경기 부산광역시 영등포구 서초대가 968 (영철김이읍),경기,BRONZE,gyeongsu02@example.org,2020-05-27
U_0619,박춘자,F,20,2006,전라 충청북도 연천군 논현가 252,전라,BRONZE,gimseongho@example.com,2024-08-12
U_0620,조재호,M,43,1983,강원 울산광역시 노원구 언주041길 42-24,강원,BRONZE,gimseohyeon@example.org,2023-04-22
U_0621,홍경자,M,21,2005,전라 울산광역시 종로구 석촌호수로 지하69 (정순박읍),전라,BRONZE,siu08@example.com,2021-12-28
U_0622,김영길,M,46,1980,부산 대구광역시 관악구 삼성918로 76 (명숙황이읍),부산,BRONZE,jiyeong14@example.org,2025-12-24
U_0623,이아름,F,32,1994,대전 경상남도 태백시 백제고분가 18-94,대전,BRONZE,subin95@example.org,2024-01-04
U_0624,오미경,M,54,1972,제주 제주특별자치도 보은군 가락10길 590 (성현우동),제주,BRONZE,yunseocoe@example.com,2021-12-09
U_0625,백영일,F,55,1971,전라 서울특별시 북구 삼성18로 286-42 (성진이면),전라,SILVER,bagseonyeong@example.com,2024-07-15
U_0626,구지연,F,27,1999,부산 서울특별시 강남구 반포대거리 573-12,부산,SILVER,jihu62@example.net,2024-06-04
U_0627,윤춘자,F,56,1970,대전 울산광역시 용산구 가락6로 65-80,대전,SILVER,ogim@example.com,2023-01-10
U_0628,김건우,M,48,1978,인천 충청남도 수원시 팔달구 역삼68로 250 (보람강김마을),인천,SILVER,geonui@example.com,2021-02-20
U_0629,이영호,M,47,1979,전라 인천광역시 관악구 서초중앙로 638 (승민허김읍),전라,BRONZE,cgim@example.org,2023-02-26
U_0630,손은경,M,20,2006,광주 전라남도 청주시 상당구 논현거리 264,광주,BRONZE,hayungim@example.org,2024-08-12
U_0631,이명자,F,52,1974,강원 경상남도 화천군 잠실1가 216-22 (채원김면),강원,BRONZE,gimminseog@example.org,2024-08-04
U_0632,성선영,M,25,2001,울산 울산광역시 남구 학동로 364-14 (정남김마을),울산,SILVER,baegjiu@example.org,2023-10-11
U_0633,장정식,M,31,1995,부산 인천광역시 마포구 논현18거리 지하642,부산,SILVER,myeongsug66@example.net,2022-09-30
U_0634,이정숙,M,50,1976,부산 전라북도 용인시 수지구 논현가 46,부산,BRONZE,gimhaeun@example.net,2025-05-09
U_0635,최승민,M,44,1982,인천 대전광역시 서대문구 학동04가 704-83 (지혜임마을),인천,SILVER,seoyeon33@example.net,2022-09-25
U_0636,권현준,F,41,1985,부산 강원도 천안시 동남구 서초중앙17로 지하74 (도윤박박읍),부산,SILVER,seoyeon25@example.org,2021-10-03
U_0637,진예진,F,37,1989,전라 대전광역시 성동구 도산대가 341-53,전라,BRONZE,noboram@example.net,2021-01-29
U_0638,이현지,F,60,1966,부산 전라북도 옥천군 반포대거리 70-48 (준서허읍),부산,BRONZE,junyeongseo@example.com,2023-10-13
U_0639,이민재,F,34,1992,경상 제주특별자치도 성남시 수정구 강남대3가 323 (승현김마을),경상,BRONZE,bagsiu@example.net,2023-06-07
U_0640,권유진,F,45,1981,전라 충청남도 삼척시 논현5로 101 (서영김박동),전라,BRONZE,haeun86@example.net,2024-12-23
U_0641,최준영,F,39,1987,경상 제주특별자치도 광주시 서초중앙803거리 984 (준영박면),경상,BRONZE,rgweon@example.org,2024-02-25
U_0642,김정수,M,42,1984,대구 경상북도 수원시 팔달구 오금가 595-37 (종수김최동),대구,SILVER,hi@example.com,2020-08-08
U_0643,김성수,M,25,2001,경상 충청남도 용인시 학동로 825-45 (숙자홍리),경상,SILVER,seonghojo@example.com,2025-12-21
U_0644,이은서,M,41,1985,울산 충청남도 금산군 잠실4가 310-55,울산,SILVER,jiugwag@example.com,2023-01-31
U_0645,박시우,F,47,1979,충청 세종특별자치시 강서구 오금190가 796 (종수안박리),충청,BRONZE,gimhyeonsug@example.org,2025-03-25
U_0646,박명자,F,33,1993,충청 광주광역시 서대문구 오금거리 842 (채원박김마을),충청,VIP,ogja66@example.org,2023-10-05
U_0647,김영호,F,36,1990,대구 인천광역시 송파구 서초대가 37,대구,GOLD,dheo@example.net,2022-12-17
U_0648,강예진,M,59,1967,부산 충청남도 김포시 봉은사로 지하396 (채원이박동),부산,SILVER,seongmin63@example.com,2025-12-16
U_0649,김현지,M,43,1983,제주 경상북도 안양시 동안구 서초대로 지하469,제주,GOLD,suminim@example.net,2025-03-24
U_0650,차서준,M,60,1966,경상 제주특별자치도 안산시 단원구 논현58가 623-88,경상,SILVER,ugim@example.net,2022-04-02
U_0651,진민수,F,29,1997,경상 부산광역시 성동구 영동대거리 555-12,경상,GOLD,miyeonggim@example.org,2022-01-14
U_0652,최정순,F,31,1995,대전 경상북도 양평군 서초중앙0가 124 (준호이리),대전,SILVER,jeongjaehyeon@example.com,2025-08-18
U_0653,이성호,F,53,1973,인천 인천광역시 종로구 압구정403로 지하921 (성진이읍),인천,BRONZE,gyeongsug93@example.org,2021-03-12
U_0654,김진우,F,53,1973,경기 충청북도 시흥시 삼성길 393,경기,BRONZE,vyun@example.com,2024-10-30
U_0655,이은서,F,47,1979,대구 전라남도 가평군 반포대27거리 419-77 (경수박읍),대구,BRONZE,jia27@example.org,2024-09-17
U_0656,차은정,M,52,1974,제주 울산광역시 남구 학동917가 38-72,제주,BRONZE,miyeongbag@example.org,2025-11-21
U_0657,황서현,F,51,1975,제주 울산광역시 용산구 테헤란587거리 989-20 (은경김면),제주,SILVER,bagsugja@example.net,2025-11-15
U_0658,김성민,M,31,1995,인천 충청남도 양구군 선릉010로 지하32 (진우안동),인천,BRONZE,gimhayun@example.org,2020-10-14
U_0659,강정식,M,34,1992,충청 광주광역시 서대문구 양재천70가 521-95 (하윤이김리),충청,BRONZE,jiweonnam@example.com,2025-05-02
U_0660,류지영,F,54,1972,강원 강원도 청주시 서원구 백제고분8로 36 (재호김면),강원,BRONZE,qi@example.net,2024-06-27
U_0661,허선영,F,34,1992,전라 강원도 영월군 압구정14길 지하296 (하윤윤동),전라,VIP,gimyejun@example.org,2021-07-12
U_0662,이영수,M,25,2001,경기 광주광역시 중랑구 학동8로 892-29,경기,BRONZE,seonghyeongim@example.com,2020-07-17
U_0663,유보람,M,39,1987,서울 부산광역시 구로구 가락7거리 564 (경희조리),서울,BRONZE,jeongsig01@example.org,2021-04-04
U_0664,한미경,F,30,1996,경기 충청남도 보령시 개포1길 872,경기,BRONZE,yeonghyigim@example.com,2020-01-15
U_0665,이정희,M,24,2002,제주 강원도 양양군 선릉로 31-20 (영길김이마을),제주,GOLD,cjang@example.net,2024-04-04
U_0666,장정희,M,34,1992,광주 강원도 금산군 가락가 384 (은지전동),광주,BRONZE,jeongsu47@example.net,2020-12-13
U_0667,김현정,F,29,1997,전라 세종특별자치시 서대문구 석촌호수0길 242-61 (미정박리),전라,SILVER,janghyeonju@example.com,2021-02-06
U_0668,노은서,M,41,1985,대전 대구광역시 강남구 개포거리 890-90 (예은김읍),대전,GOLD,jihu66@example.org,2023-05-07
U_0669,고영진,M,51,1975,충청 충청북도 연천군 서초중앙083길 531-35 (은경송동),충청,VIP,jeongsiggim@example.org,2021-09-24
U_0670,차은경,M,39,1987,대전 부산광역시 강서구 학동로 576,대전,BRONZE,mijeongjang@example.org,2021-08-20
U_0671,김보람,M,30,1996,부산 충청남도 용인시 언주220길 493-14 (채원한박동),부산,BRONZE,ncoe@example.com,2022-09-13
U_0672,이은주,F,45,1981,인천 대전광역시 성동구 압구정로 589,인천,GOLD,qgim@example.net,2021-04-17
U_0673,이은영,M,47,1979,경상 대전광역시 동구 가락가 342 (도윤박동),경상,GOLD,yeongjaca@example.com,2024-08-02
U_0674,김광수,F,47,1979,충청 제주특별자치도 부천시 영동대거리 839-94,충청,SILVER,yunseunghyeon@example.net,2024-06-14
U_0675,이정숙,F,25,2001,전라 충청북도 용인시 잠실5로 지하425 (현준류이읍),전라,BRONZE,cunja31@example.org,2023-12-02
U_0676,이지민,F,31,1995,인천 경상북도 수원시 권선구 서초중앙가 663 (중수박백읍),인천,BRONZE,jeonghun86@example.net,2025-12-13
U_0677,강영호,F,54,1972,부산 충청북도 청주시 흥덕구 역삼4길 775 (민서양류리),부산,BRONZE,igyeongsug@example.org,2023-10-29
U_0678,손종수,M,36,1990,충청 제주특별자치도 청양군 봉은사가 885-3 (명숙안리),충청,VIP,ecoe@example.org,2025-07-23
U_0679,장서준,F,33,1993,대전 대구광역시 송파구 석촌호수531거리 500 (정훈하이리),대전,GOLD,bagminjun@example.net,2021-06-15
U_0680,김상현,M,60,1966,충청 전라북도 부천시 원미구 잠실244로 352 (예은박이면),충청,BRONZE,jihyeon75@example.com,2022-07-01
U_0681,이진우,F,37,1989,전라 서울특별시 광진구 반포대865길 712,전라,BRONZE,ijeongsun@example.com,2024-12-12
U_0682,엄지원,M,38,1988,대구 서울특별시 강서구 테헤란2길 811-52 (예준오박리),대구,SILVER,yeongil09@example.org,2021-02-10
U_0683,황병철,F,37,1989,인천 부산광역시 동대문구 학동가 809,인천,BRONZE,ujinbag@example.org,2024-03-06
U_0684,김예원,F,37,1989,강원 전라남도 동해시 잠실길 458 (정수김면),강원,BRONZE,qgang@example.org,2025-08-24
U_0685,심성민,M,24,2002,충청 제주특별자치도 청주시 상당구 양재천거리 378-16,충청,GOLD,yeonghwanhan@example.net,2020-06-03
U_0686,윤성수,F,59,1967,서울 충청남도 부천시 원미구 강남대가 293-66 (성현이읍),서울,GOLD,coeyeweon@example.org,2025-06-19
U_0687,송정훈,F,51,1975,부산 전라남도 평창군 반포대8가 179 (아름김김마을),부산,GOLD,imjaeho@example.net,2021-01-16
U_0688,홍옥자,M,44,1982,대구 대전광역시 마포구 반포대376길 238,대구,BRONZE,hanmijeong@example.org,2020-05-17
U_0689,우은경,M,27,1999,강원 전라북도 고성군 백제고분가 431-23,강원,GOLD,juweon55@example.org,2024-04-28
U_0690,이지우,M,48,1978,대구 울산광역시 금천구 강남대거리 147,대구,SILVER,yejin82@example.net,2025-11-15
U_0691,주은영,F,21,2005,강원 강원도 성남시 수정구 강남대로 336,강원,BRONZE,ui@example.com,2022-10-22
U_0692,이현준,F,31,1995,경상 대전광역시 도봉구 테헤란765길 690,경상,BRONZE,simjiyeong@example.net,2025-10-12
U_0693,이예준,M,47,1979,전라 제주특별자치도 화천군 영동대1로 227-31,전라,SILVER,gimjia@example.com,2020-01-07
U_0694,최영순,F,37,1989,부산 경기도 양평군 가락798로 297-3 (경수허박마을),부산,SILVER,sangceol21@example.com,2024-06-07
U_0695,김영환,F,48,1978,대구 전라북도 양양군 학동길 945-78 (수진김읍),대구,SILVER,gimgyeongsu@example.com,2022-07-19
U_0696,송성진,F,34,1992,인천 대구광역시 구로구 압구정5거리 지하354,인천,SILVER,yeeunryu@example.com,2021-01-19
U_0697,이지은,M,38,1988,대구 제주특별자치도 횡성군 서초중앙거리 588,대구,BRONZE,yunseo04@example.org,2024-07-05
U_0698,신영수,M,55,1971,강원 세종특별자치시 강북구 선릉550가 246,강원,BRONZE,seoseoyeong@example.com,2020-11-21
U_0699,송은경,M,59,1967,제주 인천광역시 마포구 논현95거리 862-87,제주,GOLD,lgim@example.net,2024-05-03
U_0700,김수진,F,26,2000,광주 전라북도 태백시 반포대길 191-55,광주,GOLD,caeweongim@example.com,2024-12-12
U_0701,박지혜,M,25,2001,경기 제주특별자치도 영월군 서초대5길 306,경기,SILVER,rbag@example.org,2020-01-28
U_0702,이춘자,M,22,2004,경상 제주특별자치도 정선군 논현로 56 (정순권면),경상,BRONZE,minjiyang@example.net,2022-03-27
U_0703,황상훈,F,60,1966,대전 전라북도 이천시 서초중앙가 514,대전,SILVER,ijiyeong@example.net,2020-05-10
U_0704,최하은,F,58,1968,울산 부산광역시 양천구 영동대거리 816-93,울산,BRONZE,jongsusim@example.com,2026-01-05
U_0705,한성민,F,51,1975,경기 경상북도 양주시 서초대3로 955,경기,BRONZE,gimmyeongsug@example.com,2022-07-28
U_0706,최은주,F,24,2002,대구 강원도 공주시 가락거리 92-96,대구,SILVER,jiyeongang@example.org,2022-08-29
U_0707,김영일,M,23,2003,인천 전라남도 음성군 잠실94가 550-85 (정호남마을),인천,BRONZE,geonu94@example.com,2021-01-03
U_0708,배예준,M,48,1978,광주 서울특별시 동구 테헤란거리 808-61 (상훈김리),광주,GOLD,yeongsun64@example.org,2022-11-26
U_0709,장영진,F,52,1974,대구 서울특별시 동구 언주199길 546-51,대구,BRONZE,minsu73@example.com,2025-09-22
U_0710,박지훈,M,40,1986,부산 울산광역시 강북구 학동길 254 (우진서마을),부산,BRONZE,jusunog@example.com,2023-06-06
U_0711,김지민,M,51,1975,전라 서울특별시 송파구 오금길 169-32 (은서배송리),전라,SILVER,vgim@example.com,2021-03-21
U_0712,장주원,M,51,1975,인천 부산광역시 강북구 서초대거리 165,인천,SILVER,jeongsuhan@example.net,2020-05-07
U_0713,최순옥,M,34,1992,부산 강원도 하남시 삼성가 287,부산,SILVER,borameom@example.net,2023-07-29
U_0714,김미영,F,60,1966,인천 광주광역시 은평구 테헤란가 748-48,인천,SILVER,simyeonghyi@example.org,2022-03-26
U_0715,김하은,M,32,1994,강원 경상남도 부천시 소사구 역삼60길 559,강원,BRONZE,mgo@example.org,2024-07-14
U_0716,곽정훈,F,38,1988,제주 서울특별시 서구 서초대로 817 (서준홍이마을),제주,GOLD,minseo29@example.net,2025-01-26
U_0717,우유진,F,32,1994,전라 충청남도 고양시 일산서구 개포94거리 556-56 (아름이리),전라,BRONZE,eu@example.org,2025-03-12
U_0718,황현정,F,57,1969,부산 광주광역시 서초구 봉은사길 97 (춘자이읍),부산,SILVER,jaeho22@example.com,2023-08-19
U_0719,오선영,M,48,1978,제주 서울특별시 도봉구 서초대8가 196-6,제주,BRONZE,hyeonsughwang@example.org,2022-12-24
U_0720,김옥자,F,46,1980,인천 제주특별자치도 성남시 수정구 영동대8거리 953-85 (옥자김리),인천,BRONZE,gyeongsugim@example.com,2020-05-11
U_0721,김지혜,M,60,1966,강원 충청북도 안성시 논현7길 137,강원,SILVER,yeongsuno@example.com,2022-01-17
U_0722,백영수,M,40,1986,강원 서울특별시 서초구 서초중앙거리 264,강원,BRONZE,xo@example.org,2025-07-29
U_0723,송정웅,F,42,1984,부산 부산광역시 마포구 오금거리 지하308,부산,BRONZE,yeeun37@example.net,2023-12-30
U_0724,김지혜,F,23,2003,강원 대구광역시 강남구 가락13길 342 (보람이마을),강원,BRONZE,hyeonugim@example.com,2022-03-19
U_0725,이영희,F,36,1990,대구 충청남도 의정부시 강남대24가 79,대구,BRONZE,geonugim@example.org,2020-09-04
U_0726,이서준,F,32,1994,전라 경상북도 고양시 일산동구 압구정가 801 (민준김마을),전라,BRONZE,xcoe@example.org,2023-01-14
U_0727,김영길,F,38,1988,광주 서울특별시 금천구 서초대73로 705-21,광주,SILVER,jaeho49@example.net,2021-03-18
U_0728,송수민,F,35,1991,광주 충청남도 고양시 덕양구 개포로 55,광주,BRONZE,seunghyeon95@example.org,2023-10-28
U_0729,장준영,F,46,1980,대구 경상남도 평택시 테헤란4로 225-4,대구,BRONZE,iu@example.com,2025-10-03
U_0730,서병철,F,55,1971,인천 경상북도 고성군 역삼가 508-27,인천,GOLD,aryu@example.org,2022-10-11
U_0731,조미숙,M,53,1973,인천 경상북도 속초시 논현거리 337,인천,GOLD,qcoe@example.com,2025-08-10
U_0732,박성민,F,45,1981,전라 충청남도 가평군 학동38길 122,전라,SILVER,hgim@example.org,2020-11-23
U_0733,이성훈,M,45,1981,서울 경상남도 남양주시 개포거리 322 (예은박구마을),서울,SILVER,li@example.com,2021-06-21
U_0734,김은경,M,22,2004,전라 서울특별시 종로구 압구정00가 397,전라,GOLD,cgweon@example.net,2021-03-11
U_0735,고도현,F,28,1998,충청 대전광역시 송파구 서초대로 지하853 (준영이리),충청,BRONZE,jojinho@example.net,2024-08-13
U_0736,이정웅,M,47,1979,인천 전라남도 증평군 백제고분로 355,인천,SILVER,xcoe@example.net,2024-01-28
U_0737,박정순,M,44,1982,울산 충청남도 안산시 삼성거리 645-82 (춘자한읍),울산,BRONZE,iyejin@example.net,2023-02-08
U_0738,김영호,M,26,2000,서울 대전광역시 영등포구 도산대798거리 9,서울,BRONZE,seoyeongi@example.com,2022-09-13
U_0739,이민수,M,31,1995,부산 경상북도 평창군 영동대37가 993 (정자조김동),부산,SILVER,yeongsu61@example.net,2022-09-09
U_0740,이민수,M,33,1993,울산 경상남도 의정부시 선릉80로 833 (은서이김동),울산,GOLD,ngim@example.net,2023-07-13
U_0741,문영철,F,33,1993,울산 울산광역시 송파구 학동42길 389,울산,BRONZE,ti@example.com,2025-06-14
U_0742,이영환,M,29,1997,경상 경기도 부천시 영동대7로 626,경상,SILVER,ei@example.com,2022-07-04
U_0743,송지훈,F,28,1998,울산 충청남도 양구군 테헤란12거리 389 (민지김허면),울산,BRONZE,yeongsig43@example.com,2020-01-19
U_0744,송예준,M,40,1986,충청 대구광역시 송파구 백제고분56가 752-77,충청,BRONZE,gweoneunju@example.org,2022-03-01
U_0745,임지원,M,51,1975,인천 부산광역시 은평구 서초대265거리 386-37 (경희이마을),인천,BRONZE,iyujin@example.com,2023-09-28
U_0746,김진호,F,56,1970,울산 제주특별자치도 옥천군 양재천길 382 (준영주면),울산,SILVER,donghyeon84@example.org,2024-01-07
U_0747,황미정,M,42,1984,경기 강원도 오산시 선릉거리 735,경기,BRONZE,myeongsug58@example.org,2021-03-13
U_0748,박승현,F,47,1979,충청 대구광역시 영등포구 백제고분9거리 857,충청,SILVER,ni@example.net,2022-02-02
U_0749,김하은,F,24,2002,경상 광주광역시 광진구 백제고분342길 753,경상,BRONZE,seonghun25@example.org,2021-12-12
U_0750,김현정,M,27,1999,충청 충청남도 수원시 팔달구 봉은사가 897,충청,SILVER,jihyeonbag@example.com,2022-01-09
U_0751,이미경,F,31,1995,경기 경상북도 부천시 테헤란88거리 165-74 (영호차최동),경기,SILVER,ki@example.net,2024-12-19
U_0752,김보람,M,26,2000,전라 세종특별자치시 강동구 가락거리 649-55,전라,SILVER,seojun07@example.net,2025-04-02
U_0753,전채원,F,60,1966,부산 경상북도 고양시 일산서구 서초대57길 지하135,부산,BRONZE,myeongja49@example.com,2025-04-06
U_0754,하우진,M,44,1982,광주 충청북도 속초시 봉은사길 지하761,광주,GOLD,ebae@example.org,2020-07-12
U_0755,김경숙,M,39,1987,울산 대구광역시 동대문구 석촌호수0가 937-33 (은경엄양면),울산,BRONZE,nbag@example.net,2024-12-22
U_0756,손예은,F,46,1980,대전 대구광역시 송파구 강남대151길 350-79,대전,BRONZE,eunjeong73@example.org,2020-07-29
U_0757,이보람,M,21,2005,대구 부산광역시 금천구 석촌호수가 지하151,대구,SILVER,ggim@example.net,2021-10-25
U_0758,김성진,M,42,1984,충청 대전광역시 중랑구 양재천7로 271 (현주김리),충청,SILVER,seonghun99@example.net,2022-10-04
U_0759,임정호,M,26,2000,부산 충청남도 가평군 서초중앙3길 514,부산,BRONZE,oi@example.net,2020-01-31
U_0760,유미정,F,34,1992,경상 대전광역시 동작구 도산대거리 277-91,경상,GOLD,cgim@example.net,2021-11-29
U_0761,김상철,F,21,2005,제주 경상북도 의왕시 선릉896거리 98 (경자안면),제주,VIP,iyeonghwan@example.org,2025-10-24
U_0762,박경숙,F,26,2000,울산 대전광역시 광진구 영동대길 748,울산,BRONZE,jeonghyigim@example.org,2020-08-19
U_0763,정정식,M,57,1969,부산 경상북도 제천시 개포가 353 (서영이마을),부산,SILVER,hyeonu51@example.net,2023-02-25
U_0764,김경희,F,57,1969,대구 경상북도 청주시 상당구 백제고분로 138-63 (경희김마을),대구,SILVER,sujin52@example.org,2022-09-08
U_0765,박미경,F,28,1998,울산 경상북도 부천시 소사구 역삼가 283,울산,BRONZE,gyeongsu60@example.org,2020-02-06
U_0766,허수진,M,30,1996,부산 충청남도 영월군 가락513로 733,부산,BRONZE,iseonghun@example.net,2020-05-22
U_0767,김예원,M,36,1990,대구 충청남도 예산군 학동676거리 303-39 (지아박손마을),대구,BRONZE,hanseonghun@example.com,2023-05-22
U_0768,김민석,F,34,1992,대전 제주특별자치도 동해시 반포대로 205 (정희김이마을),대전,BRONZE,hyeonjeong10@example.com,2020-03-17
U_0769,이명숙,F,45,1981,대전 울산광역시 강동구 서초중앙874길 130-76,대전,VIP,si@example.org,2021-02-12
U_0770,이경자,F,51,1975,부산 경상북도 고양시 일산동구 서초대로 528 (지원최김읍),부산,SILVER,yeweongim@example.org,2022-10-02
U_0771,문아름,F,30,1996,울산 부산광역시 강동구 서초중앙504길 527 (수민이면),울산,BRONZE,uo@example.net,2024-01-16
U_0772,고유진,F,37,1989,제주 경기도 부여군 테헤란40로 531 (서현김강동),제주,BRONZE,yunjeongja@example.org,2021-03-05
U_0773,김서준,F,33,1993,광주 충청남도 횡성군 잠실로 294 (경희이마을),광주,GOLD,ubag@example.net,2023-04-14
U_0774,김정희,M,31,1995,대전 서울특별시 은평구 압구정로 738-15,대전,BRONZE,oi@example.net,2025-02-10
U_0775,이현우,F,59,1967,전라 광주광역시 서초구 테헤란413로 17-45 (수빈황손읍),전라,SILVER,hi@example.net,2022-05-17
U_0776,이경희,M,34,1992,경기 경기도 인제군 삼성가 576,경기,SILVER,sujini@example.org,2022-11-12
U_0777,김영미,F,35,1991,광주 제주특별자치도 인제군 오금길 159,광주,BRONZE,fgweon@example.org,2023-07-09
U_0778,김영철,M,34,1992,경상 경상북도 정선군 양재천979거리 440-49,경상,SILVER,yejungim@example.net,2023-01-31
U_0779,김정수,M,58,1968,인천 경상남도 속초시 백제고분길 116-33 (선영김동),인천,SILVER,subincoe@example.com,2023-05-10
U_0780,이민재,F,23,2003,경상 광주광역시 용산구 강남대거리 453-79,경상,SILVER,jeongsigsong@example.org,2024-12-11
U_0781,김민서,M,20,2006,대전 전라남도 괴산군 석촌호수813가 624 (영환박읍),대전,BRONZE,ucoe@example.org,2024-12-30
U_0782,최영희,M,56,1970,대구 전라남도 홍천군 오금436거리 709-61 (성호김마을),대구,BRONZE,eunju29@example.com,2025-05-26
U_0783,이미숙,M,51,1975,충청 대전광역시 송파구 강남대가 970,충청,BRONZE,minjun54@example.org,2026-01-05
U_0784,김민수,F,38,1988,강원 대구광역시 도봉구 서초중앙거리 104,강원,BRONZE,ijiu@example.net,2025-06-06
U_0785,문예지,F,43,1983,부산 울산광역시 성북구 서초중앙가 899,부산,BRONZE,jaehyeonbaeg@example.org,2020-09-21
U_0786,김영철,M,43,1983,경상 인천광역시 강남구 양재천82길 846,경상,BRONZE,tjang@example.org,2024-01-07
U_0787,권정수,M,33,1993,경기 경기도 부천시 압구정로 983,경기,BRONZE,iyeongmi@example.org,2024-05-19
U_0788,박정자,F,32,1994,대구 대전광역시 동구 선릉624가 209-22 (지은최읍),대구,BRONZE,gimyeeun@example.net,2025-05-14
U_0789,오경숙,M,42,1984,전라 서울특별시 구로구 석촌호수거리 394 (도현문읍),전라,SILVER,bi@example.org,2022-04-07
U_0790,백승현,F,53,1973,전라 세종특별자치시 도봉구 영동대17로 453-34 (민준김리),전라,BRONZE,fgim@example.org,2020-02-03
U_0791,박혜진,F,25,2001,광주 울산광역시 강동구 테헤란106로 639 (영미박마을),광주,BRONZE,sunoggim@example.net,2023-02-26
U_0792,조민재,F,39,1987,대구 경기도 인제군 서초중앙75로 910 (지은안동),대구,BRONZE,seoyeong60@example.com,2020-07-30
U_0793,권은정,F,48,1978,대구 부산광역시 강서구 백제고분70거리 410-11 (성훈최리),대구,BRONZE,seojun66@example.net,2026-01-04
U_0794,박선영,M,43,1983,부산 제주특별자치도 포천시 학동가 457-20,부산,GOLD,lcoe@example.org,2022-11-27
U_0795,이채원,F,36,1990,서울 경기도 인제군 압구정로 지하808 (민지차오리),서울,GOLD,hyejinan@example.org,2020-10-08
U_0796,이서연,M,60,1966,대전 충청북도 수원시 권선구 서초대2가 735 (영자남김면),대전,SILVER,hongmijeong@example.com,2020-04-12
U_0797,김서연,F,43,1983,경상 경기도 여주시 오금702로 262,경상,BRONZE,bgweon@example.org,2020-10-23
U_0798,서준서,M,20,2006,대전 충청남도 고성군 개포길 지하70,대전,BRONZE,seoyeon26@example.com,2022-09-26
U_0799,최미경,M,34,1992,부산 경상북도 용인시 처인구 논현거리 811 (서준이한읍),부산,BRONZE,scoe@example.net,2026-01-06
U_0800,이현준,F,54,1972,대전 전라북도 용인시 기흥구 도산대275로 335,대전,GOLD,jeongnami@example.net,2020-04-22
U_0801,윤정호,M,36,1990,경상 대구광역시 관악구 영동대129거리 759-43,경상,SILVER,uim@example.net,2021-05-23
U_0802,이영환,F,32,1994,경기 대구광역시 송파구 테헤란가 222,경기,BRONZE,jiyeongi@example.com,2023-11-23
U_0803,김예원,M,56,1970,제주 대구광역시 북구 테헤란72가 791 (영철윤읍),제주,BRONZE,coeogsun@example.net,2025-08-05
U_0804,김옥자,F,44,1982,대구 광주광역시 동구 백제고분가 112-57,대구,BRONZE,gimgeonu@example.com,2025-08-11
U_0805,김명숙,M,37,1989,대구 대구광역시 은평구 잠실길 지하704 (지연박황읍),대구,BRONZE,jihyei@example.com,2026-01-01
U_0806,황지혜,M,40,1986,제주 세종특별자치시 남구 논현로 772 (서영오오면),제주,BRONZE,miyeonggang@example.com,2025-04-14
U_0807,이아름,F,24,2002,부산 대구광역시 남구 양재천로 54-51 (도윤김정동),부산,SILVER,hbag@example.net,2022-08-18
U_0808,최상호,M,36,1990,제주 경상북도 부천시 오정구 압구정거리 808 (채원송김면),제주,BRONZE,seongho45@example.net,2021-10-19
U_0809,안은경,M,57,1969,경상 전라북도 성남시 분당구 서초대56로 570,경상,BRONZE,myeongsuggim@example.com,2025-09-08
U_0810,배영진,F,32,1994,강원 세종특별자치시 도봉구 봉은사7거리 788-33,강원,BRONZE,pha@example.org,2024-09-05
U_0811,김현정,F,51,1975,강원 전라남도 안양시 선릉303가 850 (준영김김마을),강원,SILVER,jiagim@example.com,2022-11-23
U_0812,이건우,F,45,1981,제주 충청남도 부천시 소사구 삼성83거리 707-41 (준혁최리),제주,BRONZE,jihyeongim@example.net,2023-05-27
U_0813,김은서,M,52,1974,서울 세종특별자치시 강남구 봉은사로 249 (정수오면),서울,SILVER,caeweon78@example.org,2024-02-08
U_0814,김정희,F,41,1985,전라 전라남도 고양시 덕양구 삼성가 734 (정희박리),전라,BRONZE,ahan@example.com,2022-03-06
U_0815,김정순,M,58,1968,전라 광주광역시 동구 서초중앙가 지하556 (정호장김읍),전라,BRONZE,baegseungmin@example.net,2022-04-13
U_0816,이승현,F,31,1995,서울 경상남도 부여군 양재천로 989,서울,BRONZE,iyeji@example.com,2025-07-07
U_0817,류수진,F,38,1988,경상 광주광역시 영등포구 테헤란로 888-48 (성진김김읍),경상,BRONZE,jeongnam58@example.net,2022-11-06
U_0818,박지영,F,30,1996,인천 경상남도 안양시 동안구 가락9거리 363 (정자최서면),인천,BRONZE,xgim@example.net,2024-06-04
U_0819,이지아,F,48,1978,대구 충청북도 성남시 중원구 양재천1길 424-36 (승현정동),대구,BRONZE,xo@example.net,2023-04-10
U_0820,양예지,F,39,1987,강원 경기도 화성시 학동45길 676 (미숙이노리),강원,GOLD,cna@example.org,2024-04-22
U_0821,진현우,M,23,2003,대구 제주특별자치도 고양시 일산동구 잠실47가 430,대구,BRONZE,ena@example.org,2026-01-14
U_0822,박보람,M,25,2001,대구 대전광역시 송파구 테헤란0거리 545,대구,GOLD,jeongho21@example.org,2021-09-15
U_0823,홍지우,F,30,1996,경기 대전광역시 서초구 압구정203가 765-1 (옥자김동),경기,BRONZE,bagcaeweon@example.com,2022-04-23
U_0824,하은주,M,27,1999,부산 충청남도 파주시 잠실023로 539-39 (춘자박김리),부산,BRONZE,bgim@example.org,2023-08-07
U_0825,이승현,F,45,1981,전라 부산광역시 동구 백제고분거리 82,전라,VIP,yeonghoi@example.net,2022-06-23
U_0826,최하윤,F,55,1971,인천 대전광역시 종로구 영동대6로 143-22,인천,VIP,donghyeon60@example.org,2023-09-12
U_0827,문예준,F,47,1979,인천 대구광역시 성북구 선릉거리 982-9,인천,BRONZE,jiyeongi@example.com,2020-04-12
U_0828,김은경,M,43,1983,인천 대구광역시 성북구 압구정가 827-60 (영진김리),인천,SILVER,ogim@example.net,2023-02-10
U_0829,서정훈,M,30,1996,서울 대전광역시 서초구 오금로 420 (은정안권마을),서울,BRONZE,gimyeonghwan@example.com,2025-07-10
U_0830,김성수,F,57,1969,충청 울산광역시 서초구 잠실가 622-62 (은지김마을),충청,BRONZE,jjang@example.com,2023-07-22
U_0831,김윤서,F,35,1991,충청 부산광역시 동구 언주거리 842 (은영윤읍),충청,BRONZE,seonghoji@example.com,2020-03-07
U_0832,김지원,M,59,1967,전라 경상북도 성남시 수정구 잠실길 600 (현숙김면),전라,BRONZE,jinui@example.org,2023-12-16
U_0833,이순옥,F,33,1993,경상 부산광역시 노원구 서초중앙로 427 (경수김문마을),경상,BRONZE,iminji@example.org,2022-05-09
U_0834,장준호,M,43,1983,대전 대구광역시 동구 반포대31가 455-31 (정자김박동),대전,BRONZE,seongjia@example.net,2020-04-19
U_0835,김보람,F,44,1982,대구 세종특별자치시 관악구 압구정거리 지하57,대구,BRONZE,yuhayun@example.org,2025-05-14
U_0836,이정호,M,60,1966,대구 세종특별자치시 강북구 반포대920길 지하483,대구,BRONZE,wgim@example.com,2022-09-25
U_0837,박성훈,M,45,1981,대전 경상남도 군포시 잠실가 402-4 (지아손읍),대전,VIP,jbaeg@example.net,2020-03-03
U_0838,손경희,F,42,1984,경상 전라북도 아산시 백제고분53로 723 (하은진마을),경상,BRONZE,pgim@example.org,2025-11-23
U_0839,오준서,M,33,1993,제주 부산광역시 용산구 개포6로 지하862 (채원김동),제주,BRONZE,mcoe@example.com,2021-01-04
U_0840,하성민,M,54,1972,대구 부산광역시 강서구 언주93로 597,대구,BRONZE,gimhyeonji@example.net,2022-08-01
U_0841,서영일,F,51,1975,서울 전라남도 용인시 처인구 반포대278가 215,서울,GOLD,heojieun@example.org,2020-09-05
U_0842,오성수,M,42,1984,대구 서울특별시 강북구 역삼8거리 745,대구,GOLD,yunseo38@example.org,2022-05-22
U_0843,윤우진,M,54,1972,충청 강원도 동해시 압구정57길 587,충청,BRONZE,jeongung94@example.net,2025-06-18
U_0844,서승민,F,54,1972,인천 강원도 태백시 양재천211가 846-97,인천,BRONZE,yeongjin59@example.net,2025-03-19
U_0845,이지훈,M,46,1980,강원 강원도 횡성군 논현50거리 561-23,강원,SILVER,hyejini@example.com,2021-03-04
U_0846,권성진,M,26,2000,부산 세종특별자치시 강남구 역삼27거리 801-43 (재호권읍),부산,BRONZE,seoyeoni@example.com,2022-08-25
U_0847,김채원,M,42,1984,대전 서울특별시 은평구 삼성297거리 790 (현주김김읍),대전,SILVER,siui@example.net,2022-08-20
U_0848,김지민,F,41,1985,경기 강원도 고양시 일산동구 테헤란8길 888,경기,BRONZE,jeongsu97@example.com,2022-01-27
U_0849,정영호,M,33,1993,경기 인천광역시 용산구 학동12로 183 (중수류면),경기,BRONZE,yeonghyi97@example.net,2020-06-01
U_0850,이정수,F,52,1974,서울 대전광역시 북구 서초중앙865가 252-68,서울,BRONZE,seojun13@example.com,2021-12-17
U_0851,김상현,F,56,1970,광주 대전광역시 은평구 강남대2로 167-9,광주,BRONZE,yeongsugcoe@example.com,2025-11-28
U_0852,박옥순,F,39,1987,제주 전라남도 삼척시 선릉2거리 지하657,제주,BRONZE,junhogim@example.com,2023-01-25
U_0853,권성현,M,38,1988,광주 충청북도 김포시 봉은사4로 547,광주,BRONZE,minseo84@example.org,2023-12-28
U_0854,박서현,M,44,1982,대구 강원도 안양시 만안구 논현229거리 611,대구,BRONZE,gimsiu@example.org,2024-12-29
U_0855,이영미,F,44,1982,서울 전라북도 공주시 서초대665로 33 (상현이면),서울,BRONZE,ri@example.org,2023-11-11
U_0856,윤예원,M,58,1968,서울 충청북도 강릉시 테헤란395거리 968-16 (서준장이마을),서울,BRONZE,jeonghyihan@example.com,2025-11-08
U_0857,박명자,F,39,1987,전라 전라북도 정선군 선릉9가 430-4,전라,GOLD,gimminseo@example.net,2024-01-13
U_0858,김성수,F,59,1967,인천 울산광역시 종로구 봉은사82가 126,인천,SILVER,hyejini@example.com,2020-03-11
U_0859,장예준,M,53,1973,울산 세종특별자치시 서대문구 역삼가 593-38,울산,SILVER,jongsu64@example.com,2023-06-08
U_0860,이은정,F,55,1971,대구 울산광역시 강서구 석촌호수4로 270,대구,BRONZE,ji@example.com,2025-12-31
U_0861,박시우,M,37,1989,충청 전라북도 수원시 반포대813길 122,충청,BRONZE,gyeonghyi21@example.org,2023-12-26
U_0862,홍도현,F,31,1995,대구 충청북도 청주시 상당구 봉은사길 지하128 (영길김마을),대구,SILVER,geonucoe@example.org,2024-09-18
U_0863,류준혁,M,43,1983,전라 충청북도 과천시 봉은사가 지하106,전라,GOLD,sunja21@example.net,2020-03-12
U_0864,홍영환,M,43,1983,부산 세종특별자치시 종로구 석촌호수2거리 271,부산,BRONZE,gimogsun@example.com,2022-08-10
U_0865,박현정,M,58,1968,울산 강원도 구리시 삼성길 661 (은경윤동),울산,SILVER,miyeongi@example.com,2022-08-29
U_0866,주선영,F,42,1984,충청 울산광역시 성북구 오금로 279,충청,BRONZE,sunjahong@example.net,2025-06-02
U_0867,김성진,M,44,1982,서울 인천광역시 서구 개포08거리 951-19,서울,BRONZE,gwangsuyun@example.org,2022-08-13
U_0868,이예준,F,59,1967,울산 전라북도 의왕시 가락8로 235-45,울산,SILVER,sunog23@example.org,2024-05-22
U_0869,이민준,M,37,1989,전라 부산광역시 강서구 압구정길 588-9,전라,SILVER,imyeongsug@example.org,2022-08-02
U_0870,최정남,M,56,1970,경기 세종특별자치시 동대문구 삼성거리 779,경기,BRONZE,bagjia@example.net,2022-04-25
U_0871,김예원,M,45,1981,제주 충청북도 정선군 서초대13가 244,제주,BRONZE,yujin40@example.net,2020-11-21
U_0872,이경자,F,25,2001,전라 대전광역시 강동구 강남대6길 95,전라,BRONZE,jgwag@example.com,2024-05-01
U_0873,류보람,M,45,1981,대구 대전광역시 중랑구 논현가 412 (경희강리),대구,VIP,gyeongsuhong@example.org,2025-04-22
U_0874,박진호,F,49,1977,부산 제주특별자치도 성남시 학동973로 29 (도현이리),부산,BRONZE,jiyeon03@example.net,2023-12-30
U_0875,김영자,F,56,1970,경상 전라남도 청양군 테헤란가 630,경상,GOLD,minseogi@example.com,2020-01-30
U_0876,정지훈,M,28,1998,경기 경상남도 시흥시 서초대3길 699 (지은김한마을),경기,SILVER,hyeonjunseo@example.com,2020-12-11
U_0877,김종수,M,32,1994,경상 대전광역시 중랑구 영동대가 193,경상,SILVER,ijihu@example.com,2020-04-09
U_0878,이시우,M,56,1970,부산 서울특별시 광진구 가락거리 488,부산,BRONZE,doyun24@example.net,2025-09-24
U_0879,홍성훈,F,55,1971,대전 울산광역시 중구 언주95로 731,대전,SILVER,jeonghyigim@example.com,2023-02-25
U_0880,박예지,F,49,1977,경상 경기도 철원군 영동대319가 460-4,경상,BRONZE,gimyeongsug@example.org,2021-10-19
U_0881,이영진,M,21,2005,인천 부산광역시 관악구 석촌호수08로 700,인천,SILVER,yejinseo@example.com,2020-05-13
U_0882,박순자,F,26,2000,인천 인천광역시 노원구 가락거리 388 (은영박강면),인천,BRONZE,iyeweon@example.net,2024-02-24
U_0883,최성현,F,33,1993,전라 경상남도 포천시 역삼251길 159-2,전라,BRONZE,yejin66@example.net,2025-02-27
U_0884,박미경,M,50,1976,경기 세종특별자치시 서초구 가락가 767 (승민이동),경기,BRONZE,jeongsun80@example.org,2025-05-08
U_0885,이영진,M,38,1988,부산 울산광역시 서구 봉은사가 121-27 (지현백박동),부산,SILVER,seunghyeon27@example.org,2022-01-15
U_0886,문영순,F,41,1985,광주 세종특별자치시 노원구 테헤란820로 430 (성현박동),광주,BRONZE,tgim@example.com,2023-06-04
U_0887,박경수,F,23,2003,부산 서울특별시 용산구 역삼090길 895,부산,SILVER,gimjaeho@example.net,2024-01-19
U_0888,이현우,M,38,1988,대구 제주특별자치도 보령시 역삼305로 840-53 (지민김우읍),대구,BRONZE,sbag@example.com,2022-01-14
U_0889,이미경,F,22,2004,충청 강원도 양평군 가락996거리 314 (정자김리),충청,GOLD,hayun98@example.com,2025-08-12
U_0890,김병철,M,31,1995,대구 부산광역시 서초구 선릉길 625 (은지이마을),대구,SILVER,tgim@example.org,2024-01-16
U_0891,백준혁,F,32,1994,경기 부산광역시 구로구 석촌호수7길 195-71 (미정권마을),경기,BRONZE,areumgim@example.org,2021-06-27
U_0892,박준서,M,38,1988,서울 충청북도 과천시 논현길 292-75 (옥순이동),서울,GOLD,yujinbag@example.net,2021-08-24
U_0893,김영순,F,31,1995,충청 경상북도 양평군 백제고분1거리 490 (정훈문면),충청,SILVER,iujin@example.com,2021-09-12
U_0894,윤광수,F,23,2003,광주 대전광역시 영등포구 영동대가 505-29 (현숙황면),광주,BRONZE,seonyeongna@example.net,2025-05-20
U_0895,김정희,F,42,1984,서울 강원도 이천시 논현가 414,서울,BRONZE,yeongjin09@example.net,2023-11-18
U_0896,김은서,F,28,1998,인천 전라남도 용인시 수지구 석촌호수길 608,인천,BRONZE,seoyeong07@example.org,2023-12-21
U_0897,이옥자,F,32,1994,대전 광주광역시 강남구 강남대가 821-36 (정자장박동),대전,BRONZE,ijunyeong@example.com,2025-06-05
U_0898,김정식,F,41,1985,강원 강원도 원주시 영동대154가 541 (진우박이면),강원,SILVER,idoyun@example.org,2022-02-14
U_0899,최정수,F,41,1985,제주 대구광역시 중구 영동대9가 446,제주,BRONZE,tnam@example.org,2025-07-06
U_0900,남옥순,F,38,1988,부산 서울특별시 노원구 반포대로 59,부산,GOLD,coemyeongsug@example.com,2024-05-29
U_0901,박현지,F,30,1996,대구 강원도 음성군 개포408로 497 (은경김읍),대구,SILVER,cgweon@example.com,2023-09-26
U_0902,이영자,M,53,1973,울산 서울특별시 서구 백제고분566로 502,울산,BRONZE,yejungo@example.com,2023-08-11
U_0903,나은서,F,32,1994,전라 대전광역시 강남구 논현로 879-92,전라,BRONZE,seonyeongbae@example.org,2026-01-06
U_0904,남도윤,M,26,2000,울산 세종특별자치시 강서구 양재천7로 166,울산,BRONZE,gimmyeongsug@example.org,2024-01-18
U_0905,김영순,F,38,1988,대전 광주광역시 동구 양재천660로 246-42,대전,VIP,wgang@example.org,2025-06-01
U_0906,이준영,M,24,2002,충청 충청북도 화성시 도산대로 374-8 (경자한읍),충청,SILVER,yeongjini@example.net,2022-09-11
U_0907,김혜진,M,50,1976,인천 충청북도 평택시 선릉15로 52-73 (경수홍노마을),인천,BRONZE,gimminseog@example.com,2020-07-09
U_0908,고정남,F,45,1981,경상 경기도 고양시 일산서구 가락로 833-98 (선영김읍),경상,VIP,junseoi@example.org,2022-12-26
U_0909,이명자,F,27,1999,전라 경상북도 당진시 압구정2로 214-87,전라,BRONZE,seojuncoe@example.com,2022-10-06
U_0910,이영희,F,30,1996,대구 광주광역시 강동구 양재천가 176,대구,BRONZE,sunjagang@example.net,2024-10-08
U_0911,강준혁,M,55,1971,서울 경상북도 안성시 석촌호수길 485-99,서울,SILVER,seoyeoncoe@example.com,2023-12-29
U_0912,안준영,M,34,1992,대전 대구광역시 강동구 양재천가 732-99 (정훈한리),대전,BRONZE,wgweon@example.net,2025-01-09
U_0913,박보람,M,58,1968,서울 대구광역시 금천구 선릉458로 138-75 (영숙이이면),서울,VIP,hyeonu34@example.org,2022-11-10
U_0914,이경자,M,27,1999,부산 전라북도 공주시 개포로 978,부산,SILVER,gimjeongung@example.org,2024-03-16
U_0915,박도현,F,43,1983,부산 제주특별자치도 춘천시 오금가 662 (종수김김리),부산,BRONZE,eunjubag@example.com,2021-05-20
U_0916,류지원,M,36,1990,제주 광주광역시 중랑구 개포가 316 (정남허서리),제주,BRONZE,gimyeongho@example.net,2023-10-17
U_0917,백지원,M,38,1988,경상 전라남도 아산시 양재천75거리 685,경상,BRONZE,isiu@example.org,2023-05-29
U_0918,심명숙,M,23,2003,경상 인천광역시 은평구 개포거리 145,경상,BRONZE,juweongim@example.org,2023-03-02
U_0919,양준혁,M,26,2000,광주 광주광역시 광진구 백제고분23길 지하817,광주,VIP,idonghyeon@example.org,2021-03-13
U_0920,손예원,M,57,1969,전라 인천광역시 강북구 양재천길 지하327 (준서이김면),전라,BRONZE,junseo20@example.org,2023-12-17
U_0921,이영환,M,56,1970,인천 서울특별시 강남구 강남대8길 864-4,인천,BRONZE,minjijeong@example.org,2020-10-29
U_0922,송준영,F,27,1999,전라 전라북도 천안시 서북구 선릉103가 716,전라,GOLD,seongjingim@example.net,2020-01-22
U_0923,이서윤,M,27,1999,강원 대전광역시 성북구 테헤란가 947 (지민오김동),강원,BRONZE,caeweon33@example.com,2024-04-08
U_0924,이지아,F,30,1996,대전 광주광역시 남구 서초중앙6거리 지하232 (영숙박이면),대전,BRONZE,ryumijeong@example.org,2024-11-13
U_0925,강영자,M,54,1972,충청 충청북도 금산군 압구정0가 953,충청,BRONZE,xseong@example.net,2020-03-10
U_0926,김진우,F,53,1973,광주 서울특별시 구로구 압구정495로 672-73,광주,BRONZE,siu00@example.net,2021-08-07
U_0927,최영호,M,31,1995,울산 대전광역시 관악구 삼성956로 179 (영철김김동),울산,BRONZE,eunseoi@example.org,2024-12-31
U_0928,박정호,M,28,1998,대전 서울특별시 양천구 봉은사거리 247-19 (정희박오리),대전,SILVER,jinugim@example.com,2026-01-05
U_0929,박영숙,M,54,1972,서울 충청남도 태백시 테헤란길 162 (영자이리),서울,BRONZE,hayungim@example.com,2024-08-10
U_0930,고영식,M,50,1976,부산 충청남도 고양시 일산동구 잠실32로 951,부산,SILVER,jeongsug85@example.net,2024-03-26
U_0931,최영환,F,44,1982,대구 전라남도 서천군 논현65거리 824 (영순김읍),대구,SILVER,qgim@example.org,2024-03-11
U_0932,윤수민,M,43,1983,강원 경상북도 안성시 백제고분57로 827,강원,SILVER,jeongnam19@example.com,2025-05-16
U_0933,박성진,F,60,1966,울산 전라남도 화성시 삼성179가 385,울산,BRONZE,jihun02@example.com,2020-07-25
U_0934,양예진,F,27,1999,울산 제주특별자치도 안양시 동안구 선릉가 896-17 (준호강김마을),울산,BRONZE,uyunseo@example.com,2021-03-20
U_0935,이재현,M,60,1966,서울 대구광역시 서구 오금209가 271-8,서울,BRONZE,jgim@example.org,2025-09-11
U_0936,오채원,F,30,1996,경기 인천광역시 중구 논현790가 350-49,경기,GOLD,cgim@example.org,2020-01-14
U_0937,장준서,M,27,1999,강원 충청남도 태안군 개포로 904,강원,SILVER,ijunseo@example.com,2021-12-01
U_0938,김광수,F,57,1969,광주 경기도 파주시 가락40가 504 (은경이면),광주,BRONZE,zhong@example.com,2025-10-08
U_0939,이정숙,F,55,1971,대전 충청남도 안성시 반포대가 475,대전,BRONZE,junseobag@example.com,2023-03-08
U_0940,손은지,M,27,1999,대구 경기도 양평군 개포4로 998-6,대구,BRONZE,bagjongsu@example.org,2024-12-14
U_0941,허건우,F,36,1990,강원 전라남도 안양시 만안구 봉은사길 759-3,강원,BRONZE,gyeongsu74@example.com,2025-11-29
U_0942,서춘자,F,52,1974,강원 세종특별자치시 북구 서초중앙길 120-14 (상철구동),강원,BRONZE,xha@example.com,2022-05-28
U_0943,이현우,M,39,1987,충청 광주광역시 강북구 역삼3길 170-35,충청,BRONZE,sunja16@example.com,2022-03-06
U_0944,이성진,M,28,1998,대구 세종특별자치시 종로구 오금175거리 지하778 (예준고동),대구,SILVER,ji@example.org,2021-01-15
U_0945,김민서,M,30,1996,광주 전라북도 안산시 역삼98거리 460,광주,BRONZE,byeongceol90@example.net,2022-01-19
U_0946,문정웅,M,47,1979,제주 경기도 속초시 서초대536로 지하234 (은정김리),제주,SILVER,ngim@example.com,2025-09-20
U_0947,이지혜,M,22,2004,전라 서울특별시 송파구 강남대4가 571,전라,BRONZE,yjo@example.org,2020-09-15
U_0948,이은주,F,24,2002,대전 경상북도 화성시 언주00길 453 (진우엄동),대전,GOLD,minsu90@example.org,2020-09-23
U_0949,권정수,M,32,1994,광주 경상북도 원주시 도산대27가 427-75,광주,VIP,bagjeonghyi@example.com,2024-04-16
U_0950,박은영,M,50,1976,제주 경상남도 수원시 팔달구 논현로 504-47,제주,BRONZE,yjang@example.net,2023-06-02
U_0951,이서현,M,57,1969,대구 전라북도 의정부시 언주로 486-43 (서윤배면),대구,BRONZE,yangyeongsun@example.org,2024-05-27
U_0952,최지민,M,37,1989,경상 세종특별자치시 서초구 테헤란565로 171-40,경상,BRONZE,miyeonggang@example.net,2021-07-17
U_0953,이성진,F,60,1966,제주 광주광역시 관악구 봉은사길 853-54 (은주이동),제주,BRONZE,jeonghyigim@example.com,2023-06-22
U_0954,오정순,M,26,2000,광주 경상북도 가평군 논현69거리 727-16 (시우이면),광주,GOLD,seongsugim@example.com,2024-10-06
U_0955,김정호,M,60,1966,경상 충청남도 공주시 개포가 272-63,경상,BRONZE,ijungsu@example.org,2025-01-26
U_0956,이수민,M,24,2002,경상 세종특별자치시 관악구 압구정길 649 (주원허동),경상,GOLD,ansunja@example.com,2023-03-11
U_0957,성종수,F,53,1973,경상 전라북도 안산시 양재천46길 625-73,경상,BRONZE,suminsim@example.com,2022-06-09
U_0958,이영수,F,33,1993,경기 울산광역시 구로구 역삼768가 지하749,경기,BRONZE,gimhyeonjeong@example.net,2021-09-25
U_0959,신은영,M,39,1987,경상 전라남도 춘천시 개포707가 373 (서현김읍),경상,SILVER,sbag@example.com,2022-02-16
U_0960,박시우,F,31,1995,충청 충청북도 청주시 상당구 개포2로 783 (현지김마을),충청,BRONZE,ejang@example.org,2022-03-03
U_0961,이재호,F,29,1997,광주 충청남도 여주시 언주553거리 704-49,광주,BRONZE,seoyun27@example.com,2024-10-09
U_0962,이진우,F,40,1986,부산 충청남도 연천군 영동대로 928,부산,SILVER,jungsubae@example.com,2022-11-27
U_0963,강예준,F,20,2006,울산 광주광역시 양천구 양재천241가 지하175,울산,BRONZE,pi@example.com,2023-12-02
U_0964,고정웅,F,53,1973,대전 제주특별자치도 예산군 백제고분가 611-81 (광수이리),대전,GOLD,seojuni@example.com,2021-05-06
U_0965,김재호,M,41,1985,인천 전라북도 부천시 오정구 삼성가 26 (영환이고리),인천,SILVER,junseobae@example.org,2021-04-23
U_0966,김상철,M,32,1994,경상 인천광역시 서대문구 오금길 985-42,경상,BRONZE,sanghun10@example.org,2022-12-07
U_0967,김지후,M,60,1966,광주 세종특별자치시 동작구 양재천658로 626-26 (예지윤김면),광주,BRONZE,lyang@example.org,2024-05-24
U_0968,최예진,M,59,1967,대전 전라남도 김포시 영동대거리 353-8,대전,BRONZE,ihyeonsug@example.net,2021-01-08
U_0969,윤민수,M,60,1966,경상 광주광역시 강동구 잠실로 663,경상,BRONZE,boramgim@example.com,2023-07-23
U_0970,김명자,M,22,2004,경기 충청북도 남양주시 잠실37거리 837-53,경기,SILVER,bgim@example.net,2020-04-03
U_0971,남정숙,M,42,1984,대전 제주특별자치도 이천시 언주가 735,대전,BRONZE,cunjagim@example.net,2021-12-02
U_0972,황경숙,M,58,1968,울산 경상남도 수원시 권선구 선릉5길 63 (영희백면),울산,BRONZE,nhan@example.com,2024-12-28
U_0973,권현주,M,54,1972,서울 부산광역시 영등포구 학동1거리 332,서울,BRONZE,gimyeongho@example.org,2020-01-02
U_0974,이영환,F,23,2003,울산 광주광역시 구로구 서초중앙거리 544,울산,BRONZE,hajihu@example.net,2021-12-12
U_0975,김준호,M,49,1977,제주 대전광역시 서초구 학동5길 지하358,제주,GOLD,eungyeong67@example.net,2024-02-01
U_0976,김영진,F,21,2005,경상 경기도 춘천시 백제고분거리 669-66,경상,BRONZE,jongsunam@example.org,2020-03-23
U_0977,박성현,F,48,1978,대구 충청남도 논산시 잠실97가 429,대구,BRONZE,isangho@example.net,2025-07-11
U_0978,김지현,F,37,1989,강원 경기도 논산시 논현길 200,강원,BRONZE,jaehyeon86@example.com,2021-10-17
U_0979,윤예은,M,28,1998,전라 광주광역시 용산구 선릉길 지하955,전라,BRONZE,seojuni@example.org,2023-05-23
U_0980,최상철,M,25,2001,경기 세종특별자치시 서구 압구정9로 162-37 (명자김최마을),경기,SILVER,mbag@example.com,2021-07-23
U_0981,김정훈,M,40,1986,광주 경상남도 홍천군 잠실84길 705,광주,BRONZE,bhwang@example.com,2021-06-21
U_0982,심종수,M,25,2001,부산 대전광역시 북구 삼성683로 329-57,부산,SILVER,gjin@example.net,2025-05-11
U_0983,오서연,M,51,1975,경상 서울특별시 동대문구 도산대957가 653,경상,BRONZE,xo@example.net,2021-08-31
U_0984,박지훈,M,20,2006,울산 경상북도 연천군 학동길 104-62 (성호류박마을),울산,SILVER,sangceoli@example.net,2023-02-21
U_0985,이재현,M,25,2001,부산 세종특별자치시 도봉구 논현거리 755 (영진김안동),부산,VIP,jangjunseo@example.com,2022-06-11
U_0986,오종수,M,52,1974,인천 울산광역시 중구 강남대42로 910,인천,SILVER,hyeonjunryu@example.org,2024-09-28
U_0987,김정순,F,30,1996,울산 울산광역시 도봉구 학동가 436-13 (정숙한이리),울산,BRONZE,gimyeongjin@example.org,2021-07-29
U_0988,최성훈,M,32,1994,광주 세종특별자치시 성북구 서초대길 지하464,광주,VIP,seonghyeonnam@example.net,2021-04-22
U_0989,이성훈,F,39,1987,인천 경상남도 오산시 서초중앙96길 지하140,인천,BRONZE,nhwang@example.org,2024-09-20
U_0990,한재호,M,32,1994,경기 경기도 철원군 테헤란654가 355-55,경기,SILVER,bagyeongceol@example.com,2022-05-04
U_0991,김경수,F,44,1982,서울 경상북도 철원군 봉은사98로 44,서울,BRONZE,ihyejin@example.com,2022-01-14
U_0992,양은주,M,42,1984,인천 전라남도 부여군 서초중앙가 605-57 (성호김최면),인천,BRONZE,vgim@example.org,2020-11-21
U_0993,손진호,F,32,1994,광주 강원도 고양시 영동대44거리 54-83 (옥자이안마을),광주,SILVER,yunseo03@example.org,2025-05-15
U_0994,배정식,F,59,1967,부산 인천광역시 도봉구 압구정가 444 (영호김박동),부산,SILVER,ogim@example.com,2024-11-22
U_0995,최성현,M,58,1968,대구 경상북도 광명시 역삼356가 820,대구,SILVER,minsui@example.com,2022-01-23
U_0996,안상호,M,32,1994,인천 충청북도 과천시 논현85로 176-28,인천,BRONZE,areumcoe@example.net,2021-08-14
U_0997,김윤서,M,48,1978,대전 경상북도 수원시 팔달구 개포거리 655 (시우김마을),대전,BRONZE,suminan@example.org,2022-06-17
U_0998,박영순,M,33,1993,대전 경기도 고양시 일산서구 봉은사79길 802,대전,BRONZE,jiyujin@example.org,2021-01-26
U_0999,이영식,M,28,1998,경상 제주특별자치도 성남시 수정구 서초중앙길 768-58,경상,BRONZE,seohyeon27@example.com,2022-03-27
U_1000,최정희,M,44,1982,서울 전라남도 청주시 청원구 서초대712가 456-65 (서윤박리),서울,BRONZE,rbag@example.com,2024-11-28
